Study ID,Location ID,location,final_lat,final_long,date_only,AOD_value
MWI524,MWI524_4,Bangwe Health Centre,-15.8239623,35.0804385,2013-09-02,550.5
MWI524,MWI524_4,Bangwe Health Centre,-15.8239623,35.0804385,2013-09-03,300.0
MWI524,MWI524_4,Bangwe Health Centre,-15.8239623,35.0804385,2013-09-04,207.66666666666666
MWI524,MWI524_4,Bangwe Health Centre,-15.8239623,35.0804385,2013-09-05,207.66666666666666
MWI524,MWI524_4,Bangwe Health Centre,-15.8239623,35.0804385,2013-09-06,23.0
MWI524,MWI524_4,Bangwe Health Centre,-15.8239623,35.0804385,2013-09-07,728.0
MWI524,MWI524_4,Bangwe Health Centre,-15.8239623,35.0804385,2013-09-08,539.5
MWI524,MWI524_4,Bangwe Health Centre,-15.8239623,35.0804385,2013-09-09,539.5
MWI524,MWI524_4,Bangwe Health Centre,-15.8239623,35.0804385,2013-09-10,351.0
MWI524,MWI524_4,Bangwe Health Centre,-15.8239623,35.0804385,2013-09-11,
MWI524,MWI524_4,Bangwe Health Centre,-15.8239623,35.0804385,2013-09-12,609.0
MWI524,MWI524_4,Bangwe Health Centre,-15.8239623,35.0804385,2013-09-13,609.0
MWI524,MWI524_4,Bangwe Health Centre,-15.8239623,35.0804385,2013-09-14,582.6666666666666
MWI524,MWI524_4,Bangwe Health Centre,-15.8239623,35.0804385,2013-09-15,473.3333333333333
MWI524,MWI524_4,Bangwe Health Centre,-15.8239623,35.0804385,2013-09-16,629.25
MWI524,MWI524_4,Bangwe Health Centre,-15.8239623,35.0804385,2013-09-17,749.5
MWI524,MWI524_4,Bangwe Health Centre,-15.8239623,35.0804385,2013-09-18,748.5
MWI524,MWI524_4,Bangwe Health Centre,-15.8239623,35.0804385,2013-09-19,526.8
MWI524,MWI524_4,Bangwe Health Centre,-15.8239623,35.0804385,2013-09-20,417.0
MWI524,MWI524_4,Bangwe Health Centre,-15.8239623,35.0804385,2013-09-21,399.6666666666667
MWI524,MWI524_4,Bangwe Health Centre,-15.8239623,35.0804385,2013-09-22,462.0
MWI524,MWI524_4,Bangwe Health Centre,-15.8239623,35.0804385,2013-09-23,640.0
MWI524,MWI524_4,Bangwe Health Centre,-15.8239623,35.0804385,2013-09-24,475.6666666666667
MWI524,MWI524_4,Bangwe Health Centre,-15.8239623,35.0804385,2013-09-25,570.2
MWI524,MWI524_4,Bangwe Health Centre,-15.8239623,35.0804385,2013-09-26,531.5
MWI524,MWI524_4,Bangwe Health Centre,-15.8239623,35.0804385,2013-09-27,530.6666666666666
MWI524,MWI524_4,Bangwe Health Centre,-15.8239623,35.0804385,2013-09-28,572.3333333333334
MWI524,MWI524_4,Bangwe Health Centre,-15.8239623,35.0804385,2013-09-29,614.0
MWI524,MWI524_4,Bangwe Health Centre,-15.8239623,35.0804385,2013-09-30,837.0
MWI524,MWI524_4,Bangwe Health Centre,-15.8239623,35.0804385,2013-10-01,
MWI524,MWI524_4,Bangwe Health Centre,-15.8239623,35.0804385,2013-10-02,164.5
MWI524,MWI524_4,Bangwe Health Centre,-15.8239623,35.0804385,2013-10-03,164.5
MWI524,MWI524_4,Bangwe Health Centre,-15.8239623,35.0804385,2013-10-04,164.5
MWI524,MWI524_4,Bangwe Health Centre,-15.8239623,35.0804385,2013-10-05,
MWI524,MWI524_4,Bangwe Health Centre,-15.8239623,35.0804385,2013-10-06,
MWI524,MWI524_4,Bangwe Health Centre,-15.8239623,35.0804385,2013-10-07,
MWI524,MWI524_4,Bangwe Health Centre,-15.8239623,35.0804385,2013-10-08,
MWI524,MWI524_4,Bangwe Health Centre,-15.8239623,35.0804385,2013-10-09,
MWI524,MWI524_4,Bangwe Health Centre,-15.8239623,35.0804385,2013-10-10,
MWI524,MWI524_4,Bangwe Health Centre,-15.8239623,35.0804385,2013-10-11,353.0
MWI524,MWI524_4,Bangwe Health Centre,-15.8239623,35.0804385,2013-10-12,209.33333333333334
MWI524,MWI524_4,Bangwe Health Centre,-15.8239623,35.0804385,2013-10-13,209.33333333333334
MWI524,MWI524_4,Bangwe Health Centre,-15.8239623,35.0804385,2013-10-14,137.5
MWI524,MWI524_4,Bangwe Health Centre,-15.8239623,35.0804385,2013-10-15,
MWI524,MWI524_4,Bangwe Health Centre,-15.8239623,35.0804385,2013-10-16,290.0
MWI524,MWI524_4,Bangwe Health Centre,-15.8239623,35.0804385,2013-10-17,302.0
MWI524,MWI524_4,Bangwe Health Centre,-15.8239623,35.0804385,2013-10-18,380.6666666666667
MWI524,MWI524_4,Bangwe Health Centre,-15.8239623,35.0804385,2013-10-19,426.0
MWI524,MWI524_4,Bangwe Health Centre,-15.8239623,35.0804385,2013-10-20,352.3333333333333
MWI524,MWI524_4,Bangwe Health Centre,-15.8239623,35.0804385,2013-10-21,209.5
MWI524,MWI524_4,Bangwe Health Centre,-15.8239623,35.0804385,2013-10-22,209.5
MWI524,MWI524_4,Bangwe Health Centre,-15.8239623,35.0804385,2013-10-23,159.5
MWI524,MWI524_4,Bangwe Health Centre,-15.8239623,35.0804385,2013-10-24,194.5
MWI524,MWI524_4,Bangwe Health Centre,-15.8239623,35.0804385,2013-10-25,194.5
MWI524,MWI524_4,Bangwe Health Centre,-15.8239623,35.0804385,2013-10-26,246.66666666666666
MWI524,MWI524_4,Bangwe Health Centre,-15.8239623,35.0804385,2013-10-27,351.0
MWI524,MWI524_4,Bangwe Health Centre,-15.8239623,35.0804385,2013-10-28,454.5
MWI524,MWI524_4,Bangwe Health Centre,-15.8239623,35.0804385,2013-10-29,343.5
MWI524,MWI524_4,Bangwe Health Centre,-15.8239623,35.0804385,2013-10-30,283.3333333333333
MWI524,MWI524_4,Bangwe Health Centre,-15.8239623,35.0804385,2013-10-31,203.33333333333334
MWI524,MWI524_4,Bangwe Health Centre,-15.8239623,35.0804385,2013-11-01,315.6666666666667
MWI524,MWI524_4,Bangwe Health Centre,-15.8239623,35.0804385,2013-11-02,392.0
MWI524,MWI524_4,Bangwe Health Centre,-15.8239623,35.0804385,2013-11-03,466.0
MWI524,MWI524_4,Bangwe Health Centre,-15.8239623,35.0804385,2013-11-04,167.0
MWI524,MWI524_4,Bangwe Health Centre,-15.8239623,35.0804385,2013-11-05,227.5
MWI524,MWI524_4,Bangwe Health Centre,-15.8239623,35.0804385,2013-11-06,228.25
MWI524,MWI524_4,Bangwe Health Centre,-15.8239623,35.0804385,2013-11-07,248.66666666666666
MWI524,MWI524_4,Bangwe Health Centre,-15.8239623,35.0804385,2013-11-08,249.66666666666666
MWI524,MWI524_4,Bangwe Health Centre,-15.8239623,35.0804385,2013-11-09,310.5
MWI524,MWI524_4,Bangwe Health Centre,-15.8239623,35.0804385,2013-11-10,310.5
MWI524,MWI524_4,Bangwe Health Centre,-15.8239623,35.0804385,2013-11-11,451.5
MWI524,MWI524_4,Bangwe Health Centre,-15.8239623,35.0804385,2013-11-12,519.5
MWI524,MWI524_4,Bangwe Health Centre,-15.8239623,35.0804385,2013-11-13,519.5
MWI524,MWI524_4,Bangwe Health Centre,-15.8239623,35.0804385,2013-11-14,408.5
MWI524,MWI524_4,Bangwe Health Centre,-15.8239623,35.0804385,2013-11-15,421.5
MWI524,MWI524_4,Bangwe Health Centre,-15.8239623,35.0804385,2013-11-16,421.5
MWI524,MWI524_4,Bangwe Health Centre,-15.8239623,35.0804385,2013-11-17,425.0
MWI524,MWI524_4,Bangwe Health Centre,-15.8239623,35.0804385,2013-11-18,358.0
MWI524,MWI524_4,Bangwe Health Centre,-15.8239623,35.0804385,2013-11-19,358.0
MWI524,MWI524_4,Bangwe Health Centre,-15.8239623,35.0804385,2013-11-20,
MWI524,MWI524_4,Bangwe Health Centre,-15.8239623,35.0804385,2013-11-21,
MWI524,MWI524_4,Bangwe Health Centre,-15.8239623,35.0804385,2013-11-22,
MWI524,MWI524_4,Bangwe Health Centre,-15.8239623,35.0804385,2013-11-23,
MWI524,MWI524_4,Bangwe Health Centre,-15.8239623,35.0804385,2013-11-24,
MWI524,MWI524_4,Bangwe Health Centre,-15.8239623,35.0804385,2013-11-25,186.0
MWI524,MWI524_4,Bangwe Health Centre,-15.8239623,35.0804385,2013-11-26,186.0
MWI524,MWI524_4,Bangwe Health Centre,-15.8239623,35.0804385,2013-11-27,186.0
MWI524,MWI524_4,Bangwe Health Centre,-15.8239623,35.0804385,2013-11-28,
MWI524,MWI524_4,Bangwe Health Centre,-15.8239623,35.0804385,2013-11-29,
MWI524,MWI524_4,Bangwe Health Centre,-15.8239623,35.0804385,2013-11-30,
MWI524,MWI524_4,Bangwe Health Centre,-15.8239623,35.0804385,2013-12-01,
MWI524,MWI524_4,Bangwe Health Centre,-15.8239623,35.0804385,2013-12-02,
MWI524,MWI524_4,Bangwe Health Centre,-15.8239623,35.0804385,2013-12-03,
MWI524,MWI524_4,Bangwe Health Centre,-15.8239623,35.0804385,2013-12-04,
MWI524,MWI524_4,Bangwe Health Centre,-15.8239623,35.0804385,2013-12-05,686.0
MWI524,MWI524_4,Bangwe Health Centre,-15.8239623,35.0804385,2013-12-06,686.0
MWI524,MWI524_4,Bangwe Health Centre,-15.8239623,35.0804385,2013-12-07,498.0
MWI524,MWI524_4,Bangwe Health Centre,-15.8239623,35.0804385,2013-12-08,254.0
MWI524,MWI524_4,Bangwe Health Centre,-15.8239623,35.0804385,2013-12-09,254.0
MWI524,MWI524_4,Bangwe Health Centre,-15.8239623,35.0804385,2013-12-10,226.0
MWI524,MWI524_4,Bangwe Health Centre,-15.8239623,35.0804385,2013-12-11,
MWI524,MWI524_4,Bangwe Health Centre,-15.8239623,35.0804385,2013-12-12,
MWI524,MWI524_4,Bangwe Health Centre,-15.8239623,35.0804385,2013-12-13,
MWI524,MWI524_4,Bangwe Health Centre,-15.8239623,35.0804385,2013-12-14,
MWI524,MWI524_4,Bangwe Health Centre,-15.8239623,35.0804385,2013-12-15,482.0
MWI524,MWI524_4,Bangwe Health Centre,-15.8239623,35.0804385,2013-12-16,482.0
MWI524,MWI524_4,Bangwe Health Centre,-15.8239623,35.0804385,2013-12-17,482.0
MWI524,MWI524_4,Bangwe Health Centre,-15.8239623,35.0804385,2013-12-18,
MWI524,MWI524_4,Bangwe Health Centre,-15.8239623,35.0804385,2013-12-19,
MWI524,MWI524_4,Bangwe Health Centre,-15.8239623,35.0804385,2013-12-20,
MWI524,MWI524_4,Bangwe Health Centre,-15.8239623,35.0804385,2013-12-21,299.0
MWI524,MWI524_4,Bangwe Health Centre,-15.8239623,35.0804385,2013-12-22,299.0
MWI524,MWI524_4,Bangwe Health Centre,-15.8239623,35.0804385,2013-12-23,421.5
MWI524,MWI524_4,Bangwe Health Centre,-15.8239623,35.0804385,2013-12-24,544.0
MWI524,MWI524_4,Bangwe Health Centre,-15.8239623,35.0804385,2013-12-25,544.0
MWI524,MWI524_4,Bangwe Health Centre,-15.8239623,35.0804385,2013-12-26,
MWI524,MWI524_4,Bangwe Health Centre,-15.8239623,35.0804385,2013-12-27,
MWI524,MWI524_4,Bangwe Health Centre,-15.8239623,35.0804385,2013-12-28,
MWI524,MWI524_4,Bangwe Health Centre,-15.8239623,35.0804385,2013-12-29,
MWI524,MWI524_4,Bangwe Health Centre,-15.8239623,35.0804385,2013-12-30,
MWI524,MWI524_4,Bangwe Health Centre,-15.8239623,35.0804385,2013-12-31,
MWI524,MWI524_4,Bangwe Health Centre,-15.8239623,35.0804385,2014-01-01,
MWI524,MWI524_4,Bangwe Health Centre,-15.8239623,35.0804385,2014-01-02,
MWI524,MWI524_4,Bangwe Health Centre,-15.8239623,35.0804385,2014-01-03,
MWI524,MWI524_4,Bangwe Health Centre,-15.8239623,35.0804385,2014-01-04,
MWI524,MWI524_4,Bangwe Health Centre,-15.8239623,35.0804385,2014-01-05,
MWI524,MWI524_4,Bangwe Health Centre,-15.8239623,35.0804385,2014-01-06,
MWI524,MWI524_4,Bangwe Health Centre,-15.8239623,35.0804385,2014-01-07,
MWI524,MWI524_4,Bangwe Health Centre,-15.8239623,35.0804385,2014-01-08,
MWI524,MWI524_4,Bangwe Health Centre,-15.8239623,35.0804385,2014-01-09,
MWI524,MWI524_4,Bangwe Health Centre,-15.8239623,35.0804385,2014-01-10,
MWI524,MWI524_4,Bangwe Health Centre,-15.8239623,35.0804385,2014-01-11,
MWI524,MWI524_4,Bangwe Health Centre,-15.8239623,35.0804385,2014-01-12,
MWI524,MWI524_4,Bangwe Health Centre,-15.8239623,35.0804385,2014-01-13,
MWI524,MWI524_4,Bangwe Health Centre,-15.8239623,35.0804385,2014-01-14,
MWI524,MWI524_4,Bangwe Health Centre,-15.8239623,35.0804385,2014-01-15,
MWI524,MWI524_4,Bangwe Health Centre,-15.8239623,35.0804385,2014-01-16,
MWI524,MWI524_4,Bangwe Health Centre,-15.8239623,35.0804385,2014-01-17,
MWI524,MWI524_4,Bangwe Health Centre,-15.8239623,35.0804385,2014-01-18,
MWI524,MWI524_4,Bangwe Health Centre,-15.8239623,35.0804385,2014-01-19,
MWI524,MWI524_4,Bangwe Health Centre,-15.8239623,35.0804385,2014-01-20,
MWI524,MWI524_4,Bangwe Health Centre,-15.8239623,35.0804385,2014-01-21,
MWI524,MWI524_4,Bangwe Health Centre,-15.8239623,35.0804385,2014-01-22,
MWI524,MWI524_4,Bangwe Health Centre,-15.8239623,35.0804385,2014-01-23,
MWI524,MWI524_4,Bangwe Health Centre,-15.8239623,35.0804385,2014-01-24,
MWI524,MWI524_4,Bangwe Health Centre,-15.8239623,35.0804385,2014-01-25,
MWI524,MWI524_4,Bangwe Health Centre,-15.8239623,35.0804385,2014-01-26,
MWI524,MWI524_4,Bangwe Health Centre,-15.8239623,35.0804385,2014-01-27,
MWI524,MWI524_4,Bangwe Health Centre,-15.8239623,35.0804385,2014-01-28,
MWI524,MWI524_4,Bangwe Health Centre,-15.8239623,35.0804385,2014-01-29,
MWI524,MWI524_4,Bangwe Health Centre,-15.8239623,35.0804385,2014-01-30,
MWI524,MWI524_4,Bangwe Health Centre,-15.8239623,35.0804385,2014-01-31,
MWI524,MWI524_4,Bangwe Health Centre,-15.8239623,35.0804385,2014-02-01,
MWI524,MWI524_4,Bangwe Health Centre,-15.8239623,35.0804385,2014-02-02,
MWI524,MWI524_4,Bangwe Health Centre,-15.8239623,35.0804385,2014-02-03,
MWI524,MWI524_4,Bangwe Health Centre,-15.8239623,35.0804385,2014-02-04,
MWI524,MWI524_4,Bangwe Health Centre,-15.8239623,35.0804385,2014-02-05,
MWI524,MWI524_4,Bangwe Health Centre,-15.8239623,35.0804385,2014-02-06,
MWI524,MWI524_4,Bangwe Health Centre,-15.8239623,35.0804385,2014-02-07,
MWI524,MWI524_4,Bangwe Health Centre,-15.8239623,35.0804385,2014-02-08,
MWI524,MWI524_4,Bangwe Health Centre,-15.8239623,35.0804385,2014-02-09,
MWI524,MWI524_4,Bangwe Health Centre,-15.8239623,35.0804385,2014-02-10,
MWI524,MWI524_4,Bangwe Health Centre,-15.8239623,35.0804385,2014-02-11,
MWI524,MWI524_4,Bangwe Health Centre,-15.8239623,35.0804385,2014-02-12,
MWI524,MWI524_4,Bangwe Health Centre,-15.8239623,35.0804385,2014-02-13,
MWI524,MWI524_4,Bangwe Health Centre,-15.8239623,35.0804385,2014-02-14,
MWI524,MWI524_4,Bangwe Health Centre,-15.8239623,35.0804385,2014-02-15,
MWI524,MWI524_4,Bangwe Health Centre,-15.8239623,35.0804385,2014-02-16,
MWI524,MWI524_4,Bangwe Health Centre,-15.8239623,35.0804385,2014-02-17,
MWI524,MWI524_4,Bangwe Health Centre,-15.8239623,35.0804385,2014-02-18,
MWI524,MWI524_4,Bangwe Health Centre,-15.8239623,35.0804385,2014-02-19,
MWI524,MWI524_4,Bangwe Health Centre,-15.8239623,35.0804385,2014-02-20,
MWI524,MWI524_4,Bangwe Health Centre,-15.8239623,35.0804385,2014-02-21,
MWI524,MWI524_4,Bangwe Health Centre,-15.8239623,35.0804385,2014-02-22,
MWI524,MWI524_4,Bangwe Health Centre,-15.8239623,35.0804385,2014-02-23,
MWI524,MWI524_4,Bangwe Health Centre,-15.8239623,35.0804385,2014-02-24,
MWI524,MWI524_4,Bangwe Health Centre,-15.8239623,35.0804385,2014-02-25,
MWI524,MWI524_4,Bangwe Health Centre,-15.8239623,35.0804385,2014-02-26,
MWI524,MWI524_4,Bangwe Health Centre,-15.8239623,35.0804385,2014-02-27,
MWI524,MWI524_4,Bangwe Health Centre,-15.8239623,35.0804385,2014-02-28,
MWI524,MWI524_4,Bangwe Health Centre,-15.8239623,35.0804385,2014-03-01,353.0
MWI524,MWI524_4,Bangwe Health Centre,-15.8239623,35.0804385,2014-03-02,353.0
MWI524,MWI524_4,Bangwe Health Centre,-15.8239623,35.0804385,2014-03-03,353.0
MWI524,MWI524_4,Bangwe Health Centre,-15.8239623,35.0804385,2014-03-04,
MWI524,MWI524_4,Bangwe Health Centre,-15.8239623,35.0804385,2014-03-05,
MWI524,MWI524_4,Bangwe Health Centre,-15.8239623,35.0804385,2014-03-06,
MWI524,MWI524_4,Bangwe Health Centre,-15.8239623,35.0804385,2014-03-07,
MWI524,MWI524_4,Bangwe Health Centre,-15.8239623,35.0804385,2014-03-08,
MWI524,MWI524_4,Bangwe Health Centre,-15.8239623,35.0804385,2014-03-09,
MWI524,MWI524_4,Bangwe Health Centre,-15.8239623,35.0804385,2014-03-10,
MWI524,MWI524_4,Bangwe Health Centre,-15.8239623,35.0804385,2014-03-11,
MWI524,MWI524_4,Bangwe Health Centre,-15.8239623,35.0804385,2014-03-12,
MWI524,MWI524_4,Bangwe Health Centre,-15.8239623,35.0804385,2014-03-13,
MWI524,MWI524_4,Bangwe Health Centre,-15.8239623,35.0804385,2014-03-14,
MWI524,MWI524_4,Bangwe Health Centre,-15.8239623,35.0804385,2014-03-15,
MWI524,MWI524_4,Bangwe Health Centre,-15.8239623,35.0804385,2014-03-16,
MWI524,MWI524_4,Bangwe Health Centre,-15.8239623,35.0804385,2014-03-17,
MWI524,MWI524_4,Bangwe Health Centre,-15.8239623,35.0804385,2014-03-18,
MWI524,MWI524_4,Bangwe Health Centre,-15.8239623,35.0804385,2014-03-19,
MWI524,MWI524_4,Bangwe Health Centre,-15.8239623,35.0804385,2014-03-20,
MWI524,MWI524_4,Bangwe Health Centre,-15.8239623,35.0804385,2014-03-21,
MWI524,MWI524_4,Bangwe Health Centre,-15.8239623,35.0804385,2014-03-22,653.0
MWI524,MWI524_4,Bangwe Health Centre,-15.8239623,35.0804385,2014-03-23,653.0
MWI524,MWI524_4,Bangwe Health Centre,-15.8239623,35.0804385,2014-03-24,653.0
MWI524,MWI524_4,Bangwe Health Centre,-15.8239623,35.0804385,2014-03-25,403.0
MWI524,MWI524_4,Bangwe Health Centre,-15.8239623,35.0804385,2014-03-26,403.0
MWI524,MWI524_4,Bangwe Health Centre,-15.8239623,35.0804385,2014-03-27,300.0
MWI524,MWI524_4,Bangwe Health Centre,-15.8239623,35.0804385,2014-03-28,197.0
MWI524,MWI524_4,Bangwe Health Centre,-15.8239623,35.0804385,2014-03-29,197.0
MWI524,MWI524_4,Bangwe Health Centre,-15.8239623,35.0804385,2014-03-30,280.0
MWI524,MWI524_4,Bangwe Health Centre,-15.8239623,35.0804385,2014-03-31,280.0
MWI524,MWI524_4,Bangwe Health Centre,-15.8239623,35.0804385,2014-04-01,280.0
MWI524,MWI524_4,Bangwe Health Centre,-15.8239623,35.0804385,2014-04-02,119.0
MWI524,MWI524_4,Bangwe Health Centre,-15.8239623,35.0804385,2014-04-03,119.0
MWI524,MWI524_4,Bangwe Health Centre,-15.8239623,35.0804385,2014-04-04,119.0
MWI524,MWI524_4,Bangwe Health Centre,-15.8239623,35.0804385,2014-04-05,
MWI524,MWI524_4,Bangwe Health Centre,-15.8239623,35.0804385,2014-04-06,
MWI524,MWI524_4,Bangwe Health Centre,-15.8239623,35.0804385,2014-04-07,
MWI524,MWI524_4,Bangwe Health Centre,-15.8239623,35.0804385,2014-04-08,
MWI524,MWI524_4,Bangwe Health Centre,-15.8239623,35.0804385,2014-04-09,
MWI524,MWI524_4,Bangwe Health Centre,-15.8239623,35.0804385,2014-04-10,
MWI524,MWI524_4,Bangwe Health Centre,-15.8239623,35.0804385,2014-04-11,
MWI524,MWI524_4,Bangwe Health Centre,-15.8239623,35.0804385,2014-04-12,
MWI524,MWI524_4,Bangwe Health Centre,-15.8239623,35.0804385,2014-04-13,
MWI524,MWI524_4,Bangwe Health Centre,-15.8239623,35.0804385,2014-04-14,
MWI524,MWI524_4,Bangwe Health Centre,-15.8239623,35.0804385,2014-04-15,
MWI524,MWI524_4,Bangwe Health Centre,-15.8239623,35.0804385,2014-04-16,
MWI524,MWI524_4,Bangwe Health Centre,-15.8239623,35.0804385,2014-04-17,
MWI524,MWI524_4,Bangwe Health Centre,-15.8239623,35.0804385,2014-04-18,
MWI524,MWI524_4,Bangwe Health Centre,-15.8239623,35.0804385,2014-04-19,
MWI524,MWI524_4,Bangwe Health Centre,-15.8239623,35.0804385,2014-04-20,114.5
MWI524,MWI524_4,Bangwe Health Centre,-15.8239623,35.0804385,2014-04-21,117.0
MWI524,MWI524_4,Bangwe Health Centre,-15.8239623,35.0804385,2014-04-22,117.0
MWI524,MWI524_4,Bangwe Health Centre,-15.8239623,35.0804385,2014-04-23,163.5
MWI524,MWI524_4,Bangwe Health Centre,-15.8239623,35.0804385,2014-04-24,205.0
MWI524,MWI524_4,Bangwe Health Centre,-15.8239623,35.0804385,2014-04-25,205.0
MWI524,MWI524_4,Bangwe Health Centre,-15.8239623,35.0804385,2014-04-26,
MWI524,MWI524_4,Bangwe Health Centre,-15.8239623,35.0804385,2014-04-27,
MWI524,MWI524_4,Bangwe Health Centre,-15.8239623,35.0804385,2014-04-28,
MWI524,MWI524_4,Bangwe Health Centre,-15.8239623,35.0804385,2014-04-29,
MWI524,MWI524_4,Bangwe Health Centre,-15.8239623,35.0804385,2014-04-30,101.0
MWI524,MWI524_4,Bangwe Health Centre,-15.8239623,35.0804385,2014-05-01,104.5
MWI524,MWI524_4,Bangwe Health Centre,-15.8239623,35.0804385,2014-05-02,104.5
MWI524,MWI524_4,Bangwe Health Centre,-15.8239623,35.0804385,2014-05-03,166.0
MWI524,MWI524_4,Bangwe Health Centre,-15.8239623,35.0804385,2014-05-04,224.0
MWI524,MWI524_4,Bangwe Health Centre,-15.8239623,35.0804385,2014-05-05,224.0
MWI524,MWI524_4,Bangwe Health Centre,-15.8239623,35.0804385,2014-05-06,
MWI524,MWI524_4,Bangwe Health Centre,-15.8239623,35.0804385,2014-05-07,
MWI524,MWI524_4,Bangwe Health Centre,-15.8239623,35.0804385,2014-05-08,
MWI524,MWI524_4,Bangwe Health Centre,-15.8239623,35.0804385,2014-05-09,144.0
MWI524,MWI524_4,Bangwe Health Centre,-15.8239623,35.0804385,2014-05-10,144.0
MWI524,MWI524_4,Bangwe Health Centre,-15.8239623,35.0804385,2014-05-11,207.66666666666666
MWI524,MWI524_4,Bangwe Health Centre,-15.8239623,35.0804385,2014-05-12,239.5
MWI524,MWI524_4,Bangwe Health Centre,-15.8239623,35.0804385,2014-05-13,239.5
MWI524,MWI524_4,Bangwe Health Centre,-15.8239623,35.0804385,2014-05-14,179.5
MWI524,MWI524_4,Bangwe Health Centre,-15.8239623,35.0804385,2014-05-15,159.5
MWI524,MWI524_4,Bangwe Health Centre,-15.8239623,35.0804385,2014-05-16,147.33333333333334
MWI524,MWI524_4,Bangwe Health Centre,-15.8239623,35.0804385,2014-05-17,131.25
MWI524,MWI524_4,Bangwe Health Centre,-15.8239623,35.0804385,2014-05-18,123.0
MWI524,MWI524_4,Bangwe Health Centre,-15.8239623,35.0804385,2014-05-19,
MWI524,MWI524_4,Bangwe Health Centre,-15.8239623,35.0804385,2014-05-20,
MWI524,MWI524_4,Bangwe Health Centre,-15.8239623,35.0804385,2014-05-21,261.0
MWI524,MWI524_4,Bangwe Health Centre,-15.8239623,35.0804385,2014-05-22,261.0
MWI524,MWI524_4,Bangwe Health Centre,-15.8239623,35.0804385,2014-05-23,261.0
MWI524,MWI524_4,Bangwe Health Centre,-15.8239623,35.0804385,2014-05-24,
MWI524,MWI524_4,Bangwe Health Centre,-15.8239623,35.0804385,2014-05-25,
MWI524,MWI524_4,Bangwe Health Centre,-15.8239623,35.0804385,2014-05-26,
MWI524,MWI524_4,Bangwe Health Centre,-15.8239623,35.0804385,2014-05-27,140.0
MWI524,MWI524_4,Bangwe Health Centre,-15.8239623,35.0804385,2014-05-28,140.0
MWI524,MWI524_4,Bangwe Health Centre,-15.8239623,35.0804385,2014-05-29,140.0
MWI524,MWI524_4,Bangwe Health Centre,-15.8239623,35.0804385,2014-05-30,162.0
MWI524,MWI524_4,Bangwe Health Centre,-15.8239623,35.0804385,2014-05-31,147.0
MWI524,MWI524_4,Bangwe Health Centre,-15.8239623,35.0804385,2014-06-01,115.83333333333333
MWI524,MWI524_4,Bangwe Health Centre,-15.8239623,35.0804385,2014-06-02,93.16666666666667
MWI524,MWI524_4,Bangwe Health Centre,-15.8239623,35.0804385,2014-06-03,73.6
MWI524,MWI524_4,Bangwe Health Centre,-15.8239623,35.0804385,2014-06-04,87.2
MWI524,MWI524_4,Bangwe Health Centre,-15.8239623,35.0804385,2014-06-05,78.5
MWI524,MWI524_4,Bangwe Health Centre,-15.8239623,35.0804385,2014-06-06,80.33333333333333
MWI524,MWI524_4,Bangwe Health Centre,-15.8239623,35.0804385,2014-06-07,66.0
MWI524,MWI524_4,Bangwe Health Centre,-15.8239623,35.0804385,2014-06-08,
MWI524,MWI524_4,Bangwe Health Centre,-15.8239623,35.0804385,2014-06-09,
MWI524,MWI524_4,Bangwe Health Centre,-15.8239623,35.0804385,2014-06-10,
MWI524,MWI524_4,Bangwe Health Centre,-15.8239623,35.0804385,2014-06-11,
MWI524,MWI524_4,Bangwe Health Centre,-15.8239623,35.0804385,2014-06-12,
MWI524,MWI524_4,Bangwe Health Centre,-15.8239623,35.0804385,2014-06-13,
MWI524,MWI524_4,Bangwe Health Centre,-15.8239623,35.0804385,2014-06-14,
MWI524,MWI524_4,Bangwe Health Centre,-15.8239623,35.0804385,2014-06-15,140.5
MWI524,MWI524_4,Bangwe Health Centre,-15.8239623,35.0804385,2014-06-16,133.25
MWI524,MWI524_4,Bangwe Health Centre,-15.8239623,35.0804385,2014-06-17,137.16666666666666
MWI524,MWI524_4,Bangwe Health Centre,-15.8239623,35.0804385,2014-06-18,150.33333333333334
MWI524,MWI524_4,Bangwe Health Centre,-15.8239623,35.0804385,2014-06-19,162.5
MWI524,MWI524_4,Bangwe Health Centre,-15.8239623,35.0804385,2014-06-20,180.0
MWI524,MWI524_4,Bangwe Health Centre,-15.8239623,35.0804385,2014-06-21,
MWI524,MWI524_4,Bangwe Health Centre,-15.8239623,35.0804385,2014-06-22,
MWI524,MWI524_4,Bangwe Health Centre,-15.8239623,35.0804385,2014-06-23,74.0
MWI524,MWI524_4,Bangwe Health Centre,-15.8239623,35.0804385,2014-06-24,88.75
MWI524,MWI524_4,Bangwe Health Centre,-15.8239623,35.0804385,2014-06-25,102.0
MWI524,MWI524_4,Bangwe Health Centre,-15.8239623,35.0804385,2014-06-26,120.66666666666667
MWI524,MWI524_4,Bangwe Health Centre,-15.8239623,35.0804385,2014-06-27,155.0
MWI524,MWI524_4,Bangwe Health Centre,-15.8239623,35.0804385,2014-06-28,
MWI524,MWI524_4,Bangwe Health Centre,-15.8239623,35.0804385,2014-06-29,
MWI524,MWI524_4,Bangwe Health Centre,-15.8239623,35.0804385,2014-06-30,
MWI524,MWI524_4,Bangwe Health Centre,-15.8239623,35.0804385,2014-07-01,
MWI524,MWI524_4,Bangwe Health Centre,-15.8239623,35.0804385,2014-07-02,
MWI524,MWI524_4,Bangwe Health Centre,-15.8239623,35.0804385,2014-07-03,
MWI524,MWI524_4,Bangwe Health Centre,-15.8239623,35.0804385,2014-07-04,
MWI524,MWI524_4,Bangwe Health Centre,-15.8239623,35.0804385,2014-07-05,
MWI524,MWI524_4,Bangwe Health Centre,-15.8239623,35.0804385,2014-07-06,282.0
MWI524,MWI524_4,Bangwe Health Centre,-15.8239623,35.0804385,2014-07-07,188.66666666666666
MWI524,MWI524_4,Bangwe Health Centre,-15.8239623,35.0804385,2014-07-08,188.66666666666666
MWI524,MWI524_4,Bangwe Health Centre,-15.8239623,35.0804385,2014-07-09,142.0
MWI524,MWI524_4,Bangwe Health Centre,-15.8239623,35.0804385,2014-07-10,
MWI524,MWI524_4,Bangwe Health Centre,-15.8239623,35.0804385,2014-07-11,
MWI524,MWI524_4,Bangwe Health Centre,-15.8239623,35.0804385,2014-07-12,
MWI524,MWI524_4,Bangwe Health Centre,-15.8239623,35.0804385,2014-07-13,
MWI524,MWI524_4,Bangwe Health Centre,-15.8239623,35.0804385,2014-07-14,
MWI524,MWI524_4,Bangwe Health Centre,-15.8239623,35.0804385,2014-07-15,
MWI524,MWI524_4,Bangwe Health Centre,-15.8239623,35.0804385,2014-07-16,
MWI524,MWI524_4,Bangwe Health Centre,-15.8239623,35.0804385,2014-07-17,
MWI524,MWI524_4,Bangwe Health Centre,-15.8239623,35.0804385,2014-07-18,506.0
MWI524,MWI524_4,Bangwe Health Centre,-15.8239623,35.0804385,2014-07-19,506.0
MWI524,MWI524_4,Bangwe Health Centre,-15.8239623,35.0804385,2014-07-20,415.5
MWI524,MWI524_4,Bangwe Health Centre,-15.8239623,35.0804385,2014-07-21,325.0
MWI524,MWI524_4,Bangwe Health Centre,-15.8239623,35.0804385,2014-07-22,213.5
MWI524,MWI524_4,Bangwe Health Centre,-15.8239623,35.0804385,2014-07-23,123.0
MWI524,MWI524_4,Bangwe Health Centre,-15.8239623,35.0804385,2014-07-24,151.33333333333334
MWI524,MWI524_4,Bangwe Health Centre,-15.8239623,35.0804385,2014-07-25,135.25
MWI524,MWI524_4,Bangwe Health Centre,-15.8239623,35.0804385,2014-07-26,112.4
MWI524,MWI524_4,Bangwe Health Centre,-15.8239623,35.0804385,2014-07-27,88.5
MWI524,MWI524_4,Bangwe Health Centre,-15.8239623,35.0804385,2014-07-28,82.5
MWI524,MWI524_4,Bangwe Health Centre,-15.8239623,35.0804385,2014-07-29,
MWI524,MWI524_4,Bangwe Health Centre,-15.8239623,35.0804385,2014-07-30,60.0
MWI524,MWI524_4,Bangwe Health Centre,-15.8239623,35.0804385,2014-07-31,122.0
MWI524,MWI524_4,Bangwe Health Centre,-15.8239623,35.0804385,2014-08-01,162.5
MWI524,MWI524_4,Bangwe Health Centre,-15.8239623,35.0804385,2014-08-02,196.66666666666666
MWI524,MWI524_4,Bangwe Health Centre,-15.8239623,35.0804385,2014-08-03,193.0
MWI524,MWI524_4,Bangwe Health Centre,-15.8239623,35.0804385,2014-08-04,205.0
MWI524,MWI524_4,Bangwe Health Centre,-15.8239623,35.0804385,2014-08-05,205.0
MWI524,MWI524_4,Bangwe Health Centre,-15.8239623,35.0804385,2014-08-06,237.0
MWI524,MWI524_4,Bangwe Health Centre,-15.8239623,35.0804385,2014-08-07,288.0
MWI524,MWI524_4,Bangwe Health Centre,-15.8239623,35.0804385,2014-08-08,186.0
MWI524,MWI524_4,Bangwe Health Centre,-15.8239623,35.0804385,2014-08-09,186.0
MWI524,MWI524_4,Bangwe Health Centre,-15.8239623,35.0804385,2014-08-10,84.0
MWI524,MWI524_4,Bangwe Health Centre,-15.8239623,35.0804385,2014-08-11,
MWI524,MWI524_4,Bangwe Health Centre,-15.8239623,35.0804385,2014-08-12,
MWI524,MWI524_4,Bangwe Health Centre,-15.8239623,35.0804385,2014-08-13,
MWI524,MWI524_4,Bangwe Health Centre,-15.8239623,35.0804385,2014-08-14,
MWI524,MWI524_4,Bangwe Health Centre,-15.8239623,35.0804385,2014-08-15,
MWI524,MWI524_4,Bangwe Health Centre,-15.8239623,35.0804385,2014-08-16,
MWI524,MWI524_4,Bangwe Health Centre,-15.8239623,35.0804385,2014-08-17,
MWI524,MWI524_4,Bangwe Health Centre,-15.8239623,35.0804385,2014-08-18,312.0
MWI524,MWI524_4,Bangwe Health Centre,-15.8239623,35.0804385,2014-08-19,362.0
MWI524,MWI524_4,Bangwe Health Centre,-15.8239623,35.0804385,2014-08-20,366.6666666666667
MWI524,MWI524_4,Bangwe Health Centre,-15.8239623,35.0804385,2014-08-21,427.75
MWI524,MWI524_4,Bangwe Health Centre,-15.8239623,35.0804385,2014-08-22,524.75
MWI524,MWI524_4,Bangwe Health Centre,-15.8239623,35.0804385,2014-08-23,574.3333333333334
MWI524,MWI524_4,Bangwe Health Centre,-15.8239623,35.0804385,2014-08-24,490.3333333333333
MWI524,MWI524_4,Bangwe Health Centre,-15.8239623,35.0804385,2014-08-25,243.5
MWI524,MWI524_4,Bangwe Health Centre,-15.8239623,35.0804385,2014-08-26,256.5
MWI524,MWI524_4,Bangwe Health Centre,-15.8239623,35.0804385,2014-08-27,235.16666666666666
MWI524,MWI524_4,Bangwe Health Centre,-15.8239623,35.0804385,2014-08-28,331.1666666666667
MWI524,MWI524_4,Bangwe Health Centre,-15.8239623,35.0804385,2014-08-29,355.5
MWI524,MWI524_4,Bangwe Health Centre,-15.8239623,35.0804385,2014-08-30,439.0
MWI524,MWI524_4,Bangwe Health Centre,-15.8239623,35.0804385,2014-08-31,391.5
MWI524,MWI524_4,Bangwe Health Centre,-15.8239623,35.0804385,2014-09-01,391.5
MWI524,MWI524_4,Bangwe Health Centre,-15.8239623,35.0804385,2014-09-02,345.0
MWI524,MWI524_4,Bangwe Health Centre,-15.8239623,35.0804385,2014-09-03,
MWI524,MWI524_4,Bangwe Health Centre,-15.8239623,35.0804385,2014-09-04,
MWI524,MWI524_4,Bangwe Health Centre,-15.8239623,35.0804385,2014-09-05,
MWI524,MWI524_4,Bangwe Health Centre,-15.8239623,35.0804385,2014-09-06,
MWI524,MWI524_4,Bangwe Health Centre,-15.8239623,35.0804385,2014-09-07,
MWI524,MWI524_4,Bangwe Health Centre,-15.8239623,35.0804385,2014-09-08,267.0
MWI524,MWI524_4,Bangwe Health Centre,-15.8239623,35.0804385,2014-09-09,285.6666666666667
MWI524,MWI524_4,Bangwe Health Centre,-15.8239623,35.0804385,2014-09-10,351.25
MWI524,MWI524_4,Bangwe Health Centre,-15.8239623,35.0804385,2014-09-11,377.25
MWI524,MWI524_4,Bangwe Health Centre,-15.8239623,35.0804385,2014-09-12,413.6
MWI524,MWI524_4,Bangwe Health Centre,-15.8239623,35.0804385,2014-09-13,380.0
MWI524,MWI524_4,Bangwe Health Centre,-15.8239623,35.0804385,2014-09-14,441.0
MWI524,MWI524_4,Bangwe Health Centre,-15.8239623,35.0804385,2014-09-15,437.0
MWI524,MWI524_4,Bangwe Health Centre,-15.8239623,35.0804385,2014-09-16,515.6
MWI524,MWI524_4,Bangwe Health Centre,-15.8239623,35.0804385,2014-09-17,531.6
MWI524,MWI524_4,Bangwe Health Centre,-15.8239623,35.0804385,2014-09-18,582.2
MWI524,MWI524_4,Bangwe Health Centre,-15.8239623,35.0804385,2014-09-19,639.5
MWI524,MWI524_4,Bangwe Health Centre,-15.8239623,35.0804385,2014-09-20,679.0
MWI524,MWI524_4,Bangwe Health Centre,-15.8239623,35.0804385,2014-09-21,914.0
MWI524,MWI524_4,Bangwe Health Centre,-15.8239623,35.0804385,2014-09-22,157.5
MWI524,MWI524_4,Bangwe Health Centre,-15.8239623,35.0804385,2014-09-23,129.66666666666666
MWI524,MWI524_4,Bangwe Health Centre,-15.8239623,35.0804385,2014-09-24,285.5
MWI524,MWI524_4,Bangwe Health Centre,-15.8239623,35.0804385,2014-09-25,413.5
MWI524,MWI524_4,Bangwe Health Centre,-15.8239623,35.0804385,2014-09-26,629.0
MWI524,MWI524_4,Bangwe Health Centre,-15.8239623,35.0804385,2014-09-27,369.0
MWI524,MWI524_4,Bangwe Health Centre,-15.8239623,35.0804385,2014-09-28,525.75
MWI524,MWI524_4,Bangwe Health Centre,-15.8239623,35.0804385,2014-09-29,492.8
MWI524,MWI524_4,Bangwe Health Centre,-15.8239623,35.0804385,2014-09-30,530.0
MWI524,MWI524_4,Bangwe Health Centre,-15.8239623,35.0804385,2014-10-01,453.75
MWI524,MWI524_4,Bangwe Health Centre,-15.8239623,35.0804385,2014-10-02,474.5
MWI524,MWI524_4,Bangwe Health Centre,-15.8239623,35.0804385,2014-10-03,
MWI524,MWI524_4,Bangwe Health Centre,-15.8239623,35.0804385,2014-10-04,
MWI524,MWI524_4,Bangwe Health Centre,-15.8239623,35.0804385,2014-10-05,
MWI524,MWI524_4,Bangwe Health Centre,-15.8239623,35.0804385,2014-10-06,
MWI524,MWI524_4,Bangwe Health Centre,-15.8239623,35.0804385,2014-10-07,
MWI524,MWI524_4,Bangwe Health Centre,-15.8239623,35.0804385,2014-10-08,220.0
MWI524,MWI524_4,Bangwe Health Centre,-15.8239623,35.0804385,2014-10-09,236.33333333333334
MWI524,MWI524_4,Bangwe Health Centre,-15.8239623,35.0804385,2014-10-10,266.5
MWI524,MWI524_4,Bangwe Health Centre,-15.8239623,35.0804385,2014-10-11,313.0
MWI524,MWI524_4,Bangwe Health Centre,-15.8239623,35.0804385,2014-10-12,609.5
MWI524,MWI524_4,Bangwe Health Centre,-15.8239623,35.0804385,2014-10-13,691.0
MWI524,MWI524_4,Bangwe Health Centre,-15.8239623,35.0804385,2014-10-14,691.0
MWI524,MWI524_4,Bangwe Health Centre,-15.8239623,35.0804385,2014-10-15,405.6666666666667
MWI524,MWI524_4,Bangwe Health Centre,-15.8239623,35.0804385,2014-10-16,830.6666666666666
MWI524,MWI524_4,Bangwe Health Centre,-15.8239623,35.0804385,2014-10-17,830.6666666666666
MWI524,MWI524_4,Bangwe Health Centre,-15.8239623,35.0804385,2014-10-18,1015.0
MWI524,MWI524_4,Bangwe Health Centre,-15.8239623,35.0804385,2014-10-19,278.0
MWI524,MWI524_4,Bangwe Health Centre,-15.8239623,35.0804385,2014-10-20,177.75
MWI524,MWI524_4,Bangwe Health Centre,-15.8239623,35.0804385,2014-10-21,128.5
MWI524,MWI524_4,Bangwe Health Centre,-15.8239623,35.0804385,2014-10-22,161.0
MWI524,MWI524_4,Bangwe Health Centre,-15.8239623,35.0804385,2014-10-23,244.5
MWI524,MWI524_4,Bangwe Health Centre,-15.8239623,35.0804385,2014-10-24,451.0
MWI524,MWI524_4,Bangwe Health Centre,-15.8239623,35.0804385,2014-10-25,
MWI524,MWI524_4,Bangwe Health Centre,-15.8239623,35.0804385,2014-10-26,366.0
MWI524,MWI524_4,Bangwe Health Centre,-15.8239623,35.0804385,2014-10-27,366.0
MWI524,MWI524_4,Bangwe Health Centre,-15.8239623,35.0804385,2014-10-28,396.5
MWI524,MWI524_4,Bangwe Health Centre,-15.8239623,35.0804385,2014-10-29,427.0
MWI524,MWI524_4,Bangwe Health Centre,-15.8239623,35.0804385,2014-10-30,447.5
MWI524,MWI524_4,Bangwe Health Centre,-15.8239623,35.0804385,2014-10-31,468.0
MWI524,MWI524_4,Bangwe Health Centre,-15.8239623,35.0804385,2014-11-01,468.0
MWI524,MWI524_4,Bangwe Health Centre,-15.8239623,35.0804385,2014-11-02,
MWI524,MWI524_4,Bangwe Health Centre,-15.8239623,35.0804385,2014-11-03,479.0
MWI524,MWI524_4,Bangwe Health Centre,-15.8239623,35.0804385,2014-11-04,477.0
MWI524,MWI524_4,Bangwe Health Centre,-15.8239623,35.0804385,2014-11-05,477.0
MWI524,MWI524_4,Bangwe Health Centre,-15.8239623,35.0804385,2014-11-06,475.0
MWI524,MWI524_4,Bangwe Health Centre,-15.8239623,35.0804385,2014-11-07,
MWI524,MWI524_4,Bangwe Health Centre,-15.8239623,35.0804385,2014-11-08,
MWI524,MWI524_4,Bangwe Health Centre,-15.8239623,35.0804385,2014-11-09,
MWI524,MWI524_4,Bangwe Health Centre,-15.8239623,35.0804385,2014-11-10,
MWI524,MWI524_4,Bangwe Health Centre,-15.8239623,35.0804385,2014-11-11,
MWI524,MWI524_4,Bangwe Health Centre,-15.8239623,35.0804385,2014-11-12,184.0
MWI524,MWI524_4,Bangwe Health Centre,-15.8239623,35.0804385,2014-11-13,190.66666666666666
MWI524,MWI524_4,Bangwe Health Centre,-15.8239623,35.0804385,2014-11-14,190.66666666666666
MWI524,MWI524_4,Bangwe Health Centre,-15.8239623,35.0804385,2014-11-15,178.0
MWI524,MWI524_4,Bangwe Health Centre,-15.8239623,35.0804385,2014-11-16,152.0
MWI524,MWI524_4,Bangwe Health Centre,-15.8239623,35.0804385,2014-11-17,152.0
MWI524,MWI524_4,Bangwe Health Centre,-15.8239623,35.0804385,2014-11-18,
MWI524,MWI524_4,Bangwe Health Centre,-15.8239623,35.0804385,2014-11-19,
MWI524,MWI524_4,Bangwe Health Centre,-15.8239623,35.0804385,2014-11-20,568.0
MWI524,MWI524_4,Bangwe Health Centre,-15.8239623,35.0804385,2014-11-21,285.3333333333333
MWI524,MWI524_4,Bangwe Health Centre,-15.8239623,35.0804385,2014-11-22,204.8
MWI524,MWI524_4,Bangwe Health Centre,-15.8239623,35.0804385,2014-11-23,114.0
MWI524,MWI524_4,Bangwe Health Centre,-15.8239623,35.0804385,2014-11-24,234.0
MWI524,MWI524_4,Bangwe Health Centre,-15.8239623,35.0804385,2014-11-25,534.0
MWI524,MWI524_4,Bangwe Health Centre,-15.8239623,35.0804385,2014-11-26,534.0
MWI524,MWI524_4,Bangwe Health Centre,-15.8239623,35.0804385,2014-11-27,210.0
MWI524,MWI524_4,Bangwe Health Centre,-15.8239623,35.0804385,2014-11-28,230.33333333333334
MWI524,MWI524_4,Bangwe Health Centre,-15.8239623,35.0804385,2014-11-29,230.33333333333334
MWI524,MWI524_4,Bangwe Health Centre,-15.8239623,35.0804385,2014-11-30,240.5
MWI524,MWI524_4,Bangwe Health Centre,-15.8239623,35.0804385,2014-12-01,525.0
MWI524,MWI524_4,Bangwe Health Centre,-15.8239623,35.0804385,2014-12-02,433.0
MWI524,MWI524_4,Bangwe Health Centre,-15.8239623,35.0804385,2014-12-03,433.0
MWI524,MWI524_4,Bangwe Health Centre,-15.8239623,35.0804385,2014-12-04,367.5
MWI524,MWI524_4,Bangwe Health Centre,-15.8239623,35.0804385,2014-12-05,173.66666666666666
MWI524,MWI524_4,Bangwe Health Centre,-15.8239623,35.0804385,2014-12-06,173.66666666666666
MWI524,MWI524_4,Bangwe Health Centre,-15.8239623,35.0804385,2014-12-07,63.5
MWI524,MWI524_4,Bangwe Health Centre,-15.8239623,35.0804385,2014-12-08,
MWI524,MWI524_4,Bangwe Health Centre,-15.8239623,35.0804385,2014-12-09,
MWI524,MWI524_4,Bangwe Health Centre,-15.8239623,35.0804385,2014-12-10,
MWI524,MWI524_4,Bangwe Health Centre,-15.8239623,35.0804385,2014-12-11,
MWI524,MWI524_4,Bangwe Health Centre,-15.8239623,35.0804385,2014-12-12,
MWI524,MWI524_4,Bangwe Health Centre,-15.8239623,35.0804385,2014-12-13,
MWI524,MWI524_4,Bangwe Health Centre,-15.8239623,35.0804385,2014-12-14,
MWI524,MWI524_4,Bangwe Health Centre,-15.8239623,35.0804385,2014-12-15,
MWI524,MWI524_4,Bangwe Health Centre,-15.8239623,35.0804385,2014-12-16,
MWI524,MWI524_4,Bangwe Health Centre,-15.8239623,35.0804385,2014-12-17,
MWI524,MWI524_4,Bangwe Health Centre,-15.8239623,35.0804385,2014-12-18,
MWI524,MWI524_4,Bangwe Health Centre,-15.8239623,35.0804385,2014-12-19,
MWI524,MWI524_4,Bangwe Health Centre,-15.8239623,35.0804385,2014-12-20,558.0
MWI524,MWI524_4,Bangwe Health Centre,-15.8239623,35.0804385,2014-12-21,558.0
MWI524,MWI524_4,Bangwe Health Centre,-15.8239623,35.0804385,2014-12-22,558.0
MWI524,MWI524_4,Bangwe Health Centre,-15.8239623,35.0804385,2014-12-23,
MWI524,MWI524_4,Bangwe Health Centre,-15.8239623,35.0804385,2014-12-24,
MWI524,MWI524_4,Bangwe Health Centre,-15.8239623,35.0804385,2014-12-25,
MWI524,MWI524_4,Bangwe Health Centre,-15.8239623,35.0804385,2014-12-26,
MWI524,MWI524_4,Bangwe Health Centre,-15.8239623,35.0804385,2014-12-27,
MWI524,MWI524_4,Bangwe Health Centre,-15.8239623,35.0804385,2014-12-28,
MWI524,MWI524_4,Bangwe Health Centre,-15.8239623,35.0804385,2014-12-29,
MWI524,MWI524_4,Bangwe Health Centre,-15.8239623,35.0804385,2014-12-30,
MWI524,MWI524_4,Bangwe Health Centre,-15.8239623,35.0804385,2014-12-31,
MWI524,MWI524_4,Bangwe Health Centre,-15.8239623,35.0804385,2015-01-01,
MWI524,MWI524_4,Bangwe Health Centre,-15.8239623,35.0804385,2015-01-02,
MWI524,MWI524_4,Bangwe Health Centre,-15.8239623,35.0804385,2015-01-03,
MWI524,MWI524_4,Bangwe Health Centre,-15.8239623,35.0804385,2015-01-04,
MWI524,MWI524_4,Bangwe Health Centre,-15.8239623,35.0804385,2015-01-05,
MWI524,MWI524_4,Bangwe Health Centre,-15.8239623,35.0804385,2015-01-06,
MWI524,MWI524_4,Bangwe Health Centre,-15.8239623,35.0804385,2015-01-07,
MWI524,MWI524_4,Bangwe Health Centre,-15.8239623,35.0804385,2015-01-08,
MWI524,MWI524_4,Bangwe Health Centre,-15.8239623,35.0804385,2015-01-09,
MWI524,MWI524_4,Bangwe Health Centre,-15.8239623,35.0804385,2015-01-10,
MWI524,MWI524_4,Bangwe Health Centre,-15.8239623,35.0804385,2015-01-11,
MWI524,MWI524_4,Bangwe Health Centre,-15.8239623,35.0804385,2015-01-12,
MWI524,MWI524_4,Bangwe Health Centre,-15.8239623,35.0804385,2015-01-13,
MWI524,MWI524_4,Bangwe Health Centre,-15.8239623,35.0804385,2015-01-14,
MWI524,MWI524_4,Bangwe Health Centre,-15.8239623,35.0804385,2015-01-15,
MWI524,MWI524_4,Bangwe Health Centre,-15.8239623,35.0804385,2015-01-16,
MWI524,MWI524_4,Bangwe Health Centre,-15.8239623,35.0804385,2015-01-17,
MWI524,MWI524_4,Bangwe Health Centre,-15.8239623,35.0804385,2015-01-18,
MWI524,MWI524_4,Bangwe Health Centre,-15.8239623,35.0804385,2015-01-19,
MWI524,MWI524_4,Bangwe Health Centre,-15.8239623,35.0804385,2015-01-20,
MWI524,MWI524_4,Bangwe Health Centre,-15.8239623,35.0804385,2015-01-21,
MWI524,MWI524_4,Bangwe Health Centre,-15.8239623,35.0804385,2015-01-22,
MWI524,MWI524_4,Bangwe Health Centre,-15.8239623,35.0804385,2015-01-23,
MWI524,MWI524_4,Bangwe Health Centre,-15.8239623,35.0804385,2015-01-24,
MWI524,MWI524_4,Bangwe Health Centre,-15.8239623,35.0804385,2015-01-25,
MWI524,MWI524_4,Bangwe Health Centre,-15.8239623,35.0804385,2015-01-26,
MWI524,MWI524_4,Bangwe Health Centre,-15.8239623,35.0804385,2015-01-27,
MWI524,MWI524_4,Bangwe Health Centre,-15.8239623,35.0804385,2015-01-28,
MWI524,MWI524_4,Bangwe Health Centre,-15.8239623,35.0804385,2015-01-29,
MWI524,MWI524_4,Bangwe Health Centre,-15.8239623,35.0804385,2015-01-30,
MWI524,MWI524_4,Bangwe Health Centre,-15.8239623,35.0804385,2015-01-31,
MWI524,MWI524_4,Bangwe Health Centre,-15.8239623,35.0804385,2015-02-01,
MWI524,MWI524_4,Bangwe Health Centre,-15.8239623,35.0804385,2015-02-02,
MWI524,MWI524_4,Bangwe Health Centre,-15.8239623,35.0804385,2015-02-03,
MWI524,MWI524_4,Bangwe Health Centre,-15.8239623,35.0804385,2015-02-04,
MWI524,MWI524_4,Bangwe Health Centre,-15.8239623,35.0804385,2015-02-05,
MWI524,MWI524_4,Bangwe Health Centre,-15.8239623,35.0804385,2015-02-06,
MWI524,MWI524_4,Bangwe Health Centre,-15.8239623,35.0804385,2015-02-07,
MWI524,MWI524_4,Bangwe Health Centre,-15.8239623,35.0804385,2015-02-08,
MWI524,MWI524_4,Bangwe Health Centre,-15.8239623,35.0804385,2015-02-09,
MWI524,MWI524_4,Bangwe Health Centre,-15.8239623,35.0804385,2015-02-10,
MWI524,MWI524_4,Bangwe Health Centre,-15.8239623,35.0804385,2015-02-11,
MWI524,MWI524_4,Bangwe Health Centre,-15.8239623,35.0804385,2015-02-12,
MWI524,MWI524_4,Bangwe Health Centre,-15.8239623,35.0804385,2015-02-13,
MWI524,MWI524_4,Bangwe Health Centre,-15.8239623,35.0804385,2015-02-14,
MWI524,MWI524_4,Bangwe Health Centre,-15.8239623,35.0804385,2015-02-15,
MWI524,MWI524_4,Bangwe Health Centre,-15.8239623,35.0804385,2015-02-16,
MWI524,MWI524_4,Bangwe Health Centre,-15.8239623,35.0804385,2015-02-17,
MWI524,MWI524_4,Bangwe Health Centre,-15.8239623,35.0804385,2015-02-18,178.5
MWI524,MWI524_4,Bangwe Health Centre,-15.8239623,35.0804385,2015-02-19,178.5
MWI524,MWI524_4,Bangwe Health Centre,-15.8239623,35.0804385,2015-02-20,178.5
MWI524,MWI524_4,Bangwe Health Centre,-15.8239623,35.0804385,2015-02-21,
MWI524,MWI524_4,Bangwe Health Centre,-15.8239623,35.0804385,2015-02-22,
MWI524,MWI524_4,Bangwe Health Centre,-15.8239623,35.0804385,2015-02-23,
MWI524,MWI524_4,Bangwe Health Centre,-15.8239623,35.0804385,2015-02-24,
MWI524,MWI524_4,Bangwe Health Centre,-15.8239623,35.0804385,2015-02-25,
MWI524,MWI524_4,Bangwe Health Centre,-15.8239623,35.0804385,2015-02-26,
MWI524,MWI524_4,Bangwe Health Centre,-15.8239623,35.0804385,2015-02-27,
MWI524,MWI524_4,Bangwe Health Centre,-15.8239623,35.0804385,2015-02-28,
MWI524,MWI524_4,Bangwe Health Centre,-15.8239623,35.0804385,2015-03-01,
MWI524,MWI524_4,Bangwe Health Centre,-15.8239623,35.0804385,2015-03-02,
MWI524,MWI524_4,Bangwe Health Centre,-15.8239623,35.0804385,2015-03-03,
MWI524,MWI524_4,Bangwe Health Centre,-15.8239623,35.0804385,2015-03-04,
MWI524,MWI524_4,Bangwe Health Centre,-15.8239623,35.0804385,2015-03-05,
MWI524,MWI524_4,Bangwe Health Centre,-15.8239623,35.0804385,2015-03-06,
MWI524,MWI524_4,Bangwe Health Centre,-15.8239623,35.0804385,2015-03-07,
MWI524,MWI524_4,Bangwe Health Centre,-15.8239623,35.0804385,2015-03-08,
MWI524,MWI524_4,Bangwe Health Centre,-15.8239623,35.0804385,2015-03-09,
MWI524,MWI524_4,Bangwe Health Centre,-15.8239623,35.0804385,2015-03-10,323.0
MWI524,MWI524_4,Bangwe Health Centre,-15.8239623,35.0804385,2015-03-11,256.0
MWI524,MWI524_4,Bangwe Health Centre,-15.8239623,35.0804385,2015-03-12,298.3333333333333
MWI524,MWI524_4,Bangwe Health Centre,-15.8239623,35.0804385,2015-03-13,286.0
MWI524,MWI524_4,Bangwe Health Centre,-15.8239623,35.0804385,2015-03-14,364.0
MWI524,MWI524_4,Bangwe Health Centre,-15.8239623,35.0804385,2015-03-15,345.0
MWI524,MWI524_4,Bangwe Health Centre,-15.8239623,35.0804385,2015-03-16,322.5
MWI524,MWI524_4,Bangwe Health Centre,-15.8239623,35.0804385,2015-03-17,300.0
MWI524,MWI524_4,Bangwe Health Centre,-15.8239623,35.0804385,2015-03-18,300.0
MWI524,MWI524_4,Bangwe Health Centre,-15.8239623,35.0804385,2015-03-19,
MWI524,MWI524_4,Bangwe Health Centre,-15.8239623,35.0804385,2015-03-20,
MWI524,MWI524_4,Bangwe Health Centre,-15.8239623,35.0804385,2015-03-21,
MWI524,MWI524_4,Bangwe Health Centre,-15.8239623,35.0804385,2015-03-22,
MWI524,MWI524_4,Bangwe Health Centre,-15.8239623,35.0804385,2015-03-23,
MWI524,MWI524_4,Bangwe Health Centre,-15.8239623,35.0804385,2015-03-24,380.0
MWI524,MWI524_4,Bangwe Health Centre,-15.8239623,35.0804385,2015-03-25,380.0
MWI524,MWI524_4,Bangwe Health Centre,-15.8239623,35.0804385,2015-03-26,390.5
MWI524,MWI524_4,Bangwe Health Centre,-15.8239623,35.0804385,2015-03-27,401.0
MWI524,MWI524_4,Bangwe Health Centre,-15.8239623,35.0804385,2015-03-28,401.0
MWI524,MWI524_4,Bangwe Health Centre,-15.8239623,35.0804385,2015-03-29,
MWI524,MWI524_4,Bangwe Health Centre,-15.8239623,35.0804385,2015-03-30,
MWI524,MWI524_4,Bangwe Health Centre,-15.8239623,35.0804385,2015-03-31,
MWI524,MWI524_4,Bangwe Health Centre,-15.8239623,35.0804385,2015-04-01,
MWI524,MWI524_4,Bangwe Health Centre,-15.8239623,35.0804385,2015-04-02,
MWI524,MWI524_4,Bangwe Health Centre,-15.8239623,35.0804385,2015-04-03,
MWI524,MWI524_4,Bangwe Health Centre,-15.8239623,35.0804385,2015-04-04,299.0
MWI524,MWI524_4,Bangwe Health Centre,-15.8239623,35.0804385,2015-04-05,299.0
MWI524,MWI524_4,Bangwe Health Centre,-15.8239623,35.0804385,2015-04-06,299.0
MWI524,MWI524_4,Bangwe Health Centre,-15.8239623,35.0804385,2015-04-07,
MWI524,MWI524_4,Bangwe Health Centre,-15.8239623,35.0804385,2015-04-08,
MWI524,MWI524_4,Bangwe Health Centre,-15.8239623,35.0804385,2015-04-09,
MWI524,MWI524_4,Bangwe Health Centre,-15.8239623,35.0804385,2015-04-10,188.0
MWI524,MWI524_4,Bangwe Health Centre,-15.8239623,35.0804385,2015-04-11,279.6666666666667
MWI524,MWI524_4,Bangwe Health Centre,-15.8239623,35.0804385,2015-04-12,240.0
MWI524,MWI524_4,Bangwe Health Centre,-15.8239623,35.0804385,2015-04-13,257.3333333333333
MWI524,MWI524_4,Bangwe Health Centre,-15.8239623,35.0804385,2015-04-14,121.0
MWI524,MWI524_4,Bangwe Health Centre,-15.8239623,35.0804385,2015-04-15,
MWI524,MWI524_4,Bangwe Health Centre,-15.8239623,35.0804385,2015-04-16,
MWI524,MWI524_4,Bangwe Health Centre,-15.8239623,35.0804385,2015-04-17,
MWI524,MWI524_4,Bangwe Health Centre,-15.8239623,35.0804385,2015-04-18,
MWI524,MWI524_4,Bangwe Health Centre,-15.8239623,35.0804385,2015-04-19,
MWI524,MWI524_4,Bangwe Health Centre,-15.8239623,35.0804385,2015-04-20,
MWI524,MWI524_4,Bangwe Health Centre,-15.8239623,35.0804385,2015-04-21,
MWI524,MWI524_4,Bangwe Health Centre,-15.8239623,35.0804385,2015-04-22,212.0
MWI524,MWI524_4,Bangwe Health Centre,-15.8239623,35.0804385,2015-04-23,212.0
MWI524,MWI524_4,Bangwe Health Centre,-15.8239623,35.0804385,2015-04-24,178.33333333333334
MWI524,MWI524_4,Bangwe Health Centre,-15.8239623,35.0804385,2015-04-25,151.75
MWI524,MWI524_4,Bangwe Health Centre,-15.8239623,35.0804385,2015-04-26,172.6
MWI524,MWI524_4,Bangwe Health Centre,-15.8239623,35.0804385,2015-04-27,174.8
MWI524,MWI524_4,Bangwe Health Centre,-15.8239623,35.0804385,2015-04-28,187.6
MWI524,MWI524_4,Bangwe Health Centre,-15.8239623,35.0804385,2015-04-29,180.4
MWI524,MWI524_4,Bangwe Health Centre,-15.8239623,35.0804385,2015-04-30,168.4
MWI524,MWI524_4,Bangwe Health Centre,-15.8239623,35.0804385,2015-05-01,180.4
MWI524,MWI524_4,Bangwe Health Centre,-15.8239623,35.0804385,2015-05-02,185.6
MWI524,MWI524_4,Bangwe Health Centre,-15.8239623,35.0804385,2015-05-03,218.0
MWI524,MWI524_4,Bangwe Health Centre,-15.8239623,35.0804385,2015-05-04,237.33333333333334
MWI524,MWI524_4,Bangwe Health Centre,-15.8239623,35.0804385,2015-05-05,235.66666666666666
MWI524,MWI524_4,Bangwe Health Centre,-15.8239623,35.0804385,2015-05-06,239.75
MWI524,MWI524_4,Bangwe Health Centre,-15.8239623,35.0804385,2015-05-07,246.5
MWI524,MWI524_4,Bangwe Health Centre,-15.8239623,35.0804385,2015-05-08,279.5
MWI524,MWI524_4,Bangwe Health Centre,-15.8239623,35.0804385,2015-05-09,307.0
MWI524,MWI524_4,Bangwe Health Centre,-15.8239623,35.0804385,2015-05-10,256.3333333333333
MWI524,MWI524_4,Bangwe Health Centre,-15.8239623,35.0804385,2015-05-11,233.33333333333334
MWI524,MWI524_4,Bangwe Health Centre,-15.8239623,35.0804385,2015-05-12,219.6
MWI524,MWI524_4,Bangwe Health Centre,-15.8239623,35.0804385,2015-05-13,236.0
MWI524,MWI524_4,Bangwe Health Centre,-15.8239623,35.0804385,2015-05-14,235.5
MWI524,MWI524_4,Bangwe Health Centre,-15.8239623,35.0804385,2015-05-15,272.0
MWI524,MWI524_4,Bangwe Health Centre,-15.8239623,35.0804385,2015-05-16,190.0
MWI524,MWI524_4,Bangwe Health Centre,-15.8239623,35.0804385,2015-05-17,190.0
MWI524,MWI524_4,Bangwe Health Centre,-15.8239623,35.0804385,2015-05-18,185.25
MWI524,MWI524_4,Bangwe Health Centre,-15.8239623,35.0804385,2015-05-19,161.0
MWI524,MWI524_4,Bangwe Health Centre,-15.8239623,35.0804385,2015-05-20,161.0
MWI524,MWI524_4,Bangwe Health Centre,-15.8239623,35.0804385,2015-05-21,141.5
MWI524,MWI524_4,Bangwe Health Centre,-15.8239623,35.0804385,2015-05-22,
MWI524,MWI524_4,Bangwe Health Centre,-15.8239623,35.0804385,2015-05-23,
MWI524,MWI524_4,Bangwe Health Centre,-15.8239623,35.0804385,2015-05-24,
MWI524,MWI524_4,Bangwe Health Centre,-15.8239623,35.0804385,2015-05-25,
MWI524,MWI524_4,Bangwe Health Centre,-15.8239623,35.0804385,2015-05-26,
MWI524,MWI524_4,Bangwe Health Centre,-15.8239623,35.0804385,2015-05-27,
MWI524,MWI524_4,Bangwe Health Centre,-15.8239623,35.0804385,2015-05-28,
MWI524,MWI524_4,Bangwe Health Centre,-15.8239623,35.0804385,2015-05-29,
MWI524,MWI524_4,Bangwe Health Centre,-15.8239623,35.0804385,2015-05-30,
MWI524,MWI524_4,Bangwe Health Centre,-15.8239623,35.0804385,2015-05-31,197.0
MWI524,MWI524_4,Bangwe Health Centre,-15.8239623,35.0804385,2015-06-01,197.0
MWI524,MWI524_4,Bangwe Health Centre,-15.8239623,35.0804385,2015-06-02,197.0
MWI524,MWI524_4,Bangwe Health Centre,-15.8239623,35.0804385,2015-06-03,106.0
MWI524,MWI524_4,Bangwe Health Centre,-15.8239623,35.0804385,2015-06-04,186.0
MWI524,MWI524_4,Bangwe Health Centre,-15.8239623,35.0804385,2015-06-05,186.0
MWI524,MWI524_4,Bangwe Health Centre,-15.8239623,35.0804385,2015-06-06,222.33333333333334
MWI524,MWI524_4,Bangwe Health Centre,-15.8239623,35.0804385,2015-06-07,157.33333333333334
MWI524,MWI524_4,Bangwe Health Centre,-15.8239623,35.0804385,2015-06-08,145.6
MWI524,MWI524_4,Bangwe Health Centre,-15.8239623,35.0804385,2015-06-09,128.25
MWI524,MWI524_4,Bangwe Health Centre,-15.8239623,35.0804385,2015-06-10,128.0
MWI524,MWI524_4,Bangwe Health Centre,-15.8239623,35.0804385,2015-06-11,140.0
MWI524,MWI524_4,Bangwe Health Centre,-15.8239623,35.0804385,2015-06-12,140.0
MWI524,MWI524_4,Bangwe Health Centre,-15.8239623,35.0804385,2015-06-13,142.0
MWI524,MWI524_4,Bangwe Health Centre,-15.8239623,35.0804385,2015-06-14,144.0
MWI524,MWI524_4,Bangwe Health Centre,-15.8239623,35.0804385,2015-06-15,150.66666666666666
MWI524,MWI524_4,Bangwe Health Centre,-15.8239623,35.0804385,2015-06-16,138.33333333333334
MWI524,MWI524_4,Bangwe Health Centre,-15.8239623,35.0804385,2015-06-17,147.2
MWI524,MWI524_4,Bangwe Health Centre,-15.8239623,35.0804385,2015-06-18,142.66666666666666
MWI524,MWI524_4,Bangwe Health Centre,-15.8239623,35.0804385,2015-06-19,160.5
MWI524,MWI524_4,Bangwe Health Centre,-15.8239623,35.0804385,2015-06-20,
MWI524,MWI524_4,Bangwe Health Centre,-15.8239623,35.0804385,2015-06-21,
MWI524,MWI524_4,Bangwe Health Centre,-15.8239623,35.0804385,2015-06-22,
MWI524,MWI524_4,Bangwe Health Centre,-15.8239623,35.0804385,2015-06-23,386.0
MWI524,MWI524_4,Bangwe Health Centre,-15.8239623,35.0804385,2015-06-24,292.0
MWI524,MWI524_4,Bangwe Health Centre,-15.8239623,35.0804385,2015-06-25,287.0
MWI524,MWI524_4,Bangwe Health Centre,-15.8239623,35.0804385,2015-06-26,202.5
MWI524,MWI524_4,Bangwe Health Centre,-15.8239623,35.0804385,2015-06-27,206.6
MWI524,MWI524_4,Bangwe Health Centre,-15.8239623,35.0804385,2015-06-28,198.6
MWI524,MWI524_4,Bangwe Health Centre,-15.8239623,35.0804385,2015-06-29,219.33333333333334
MWI524,MWI524_4,Bangwe Health Centre,-15.8239623,35.0804385,2015-06-30,207.0
MWI524,MWI524_4,Bangwe Health Centre,-15.8239623,35.0804385,2015-07-01,189.66666666666666
MWI524,MWI524_4,Bangwe Health Centre,-15.8239623,35.0804385,2015-07-02,189.66666666666666
MWI524,MWI524_4,Bangwe Health Centre,-15.8239623,35.0804385,2015-07-03,122.33333333333333
MWI524,MWI524_4,Bangwe Health Centre,-15.8239623,35.0804385,2015-07-04,91.0
MWI524,MWI524_4,Bangwe Health Centre,-15.8239623,35.0804385,2015-07-05,115.0
MWI524,MWI524_4,Bangwe Health Centre,-15.8239623,35.0804385,2015-07-06,163.0
MWI524,MWI524_4,Bangwe Health Centre,-15.8239623,35.0804385,2015-07-07,163.0
MWI524,MWI524_4,Bangwe Health Centre,-15.8239623,35.0804385,2015-07-08,18.0
MWI524,MWI524_4,Bangwe Health Centre,-15.8239623,35.0804385,2015-07-09,48.333333333333336
MWI524,MWI524_4,Bangwe Health Centre,-15.8239623,35.0804385,2015-07-10,48.333333333333336
MWI524,MWI524_4,Bangwe Health Centre,-15.8239623,35.0804385,2015-07-11,110.75
MWI524,MWI524_4,Bangwe Health Centre,-15.8239623,35.0804385,2015-07-12,114.75
MWI524,MWI524_4,Bangwe Health Centre,-15.8239623,35.0804385,2015-07-13,127.0
MWI524,MWI524_4,Bangwe Health Centre,-15.8239623,35.0804385,2015-07-14,146.4
MWI524,MWI524_4,Bangwe Health Centre,-15.8239623,35.0804385,2015-07-15,182.6
MWI524,MWI524_4,Bangwe Health Centre,-15.8239623,35.0804385,2015-07-16,196.5
MWI524,MWI524_4,Bangwe Health Centre,-15.8239623,35.0804385,2015-07-17,169.8
MWI524,MWI524_4,Bangwe Health Centre,-15.8239623,35.0804385,2015-07-18,175.0
MWI524,MWI524_4,Bangwe Health Centre,-15.8239623,35.0804385,2015-07-19,169.0
MWI524,MWI524_4,Bangwe Health Centre,-15.8239623,35.0804385,2015-07-20,158.0
MWI524,MWI524_4,Bangwe Health Centre,-15.8239623,35.0804385,2015-07-21,158.0
MWI524,MWI524_4,Bangwe Health Centre,-15.8239623,35.0804385,2015-07-22,267.0
MWI524,MWI524_4,Bangwe Health Centre,-15.8239623,35.0804385,2015-07-23,267.0
MWI524,MWI524_4,Bangwe Health Centre,-15.8239623,35.0804385,2015-07-24,267.0
MWI524,MWI524_4,Bangwe Health Centre,-15.8239623,35.0804385,2015-07-25,263.0
MWI524,MWI524_4,Bangwe Health Centre,-15.8239623,35.0804385,2015-07-26,263.0
MWI524,MWI524_4,Bangwe Health Centre,-15.8239623,35.0804385,2015-07-27,263.0
MWI524,MWI524_4,Bangwe Health Centre,-15.8239623,35.0804385,2015-07-28,130.0
MWI524,MWI524_4,Bangwe Health Centre,-15.8239623,35.0804385,2015-07-29,161.5
MWI524,MWI524_4,Bangwe Health Centre,-15.8239623,35.0804385,2015-07-30,206.0
MWI524,MWI524_4,Bangwe Health Centre,-15.8239623,35.0804385,2015-07-31,231.33333333333334
MWI524,MWI524_4,Bangwe Health Centre,-15.8239623,35.0804385,2015-08-01,169.75
MWI524,MWI524_4,Bangwe Health Centre,-15.8239623,35.0804385,2015-08-02,123.66666666666667
MWI524,MWI524_4,Bangwe Health Centre,-15.8239623,35.0804385,2015-08-03,114.75
MWI524,MWI524_4,Bangwe Health Centre,-15.8239623,35.0804385,2015-08-04,138.75
MWI524,MWI524_4,Bangwe Health Centre,-15.8239623,35.0804385,2015-08-05,165.0
MWI524,MWI524_4,Bangwe Health Centre,-15.8239623,35.0804385,2015-08-06,190.66666666666666
MWI524,MWI524_4,Bangwe Health Centre,-15.8239623,35.0804385,2015-08-07,298.0
MWI524,MWI524_4,Bangwe Health Centre,-15.8239623,35.0804385,2015-08-08,
MWI524,MWI524_4,Bangwe Health Centre,-15.8239623,35.0804385,2015-08-09,264.0
MWI524,MWI524_4,Bangwe Health Centre,-15.8239623,35.0804385,2015-08-10,254.0
MWI524,MWI524_4,Bangwe Health Centre,-15.8239623,35.0804385,2015-08-11,207.75
MWI524,MWI524_4,Bangwe Health Centre,-15.8239623,35.0804385,2015-08-12,227.0
MWI524,MWI524_4,Bangwe Health Centre,-15.8239623,35.0804385,2015-08-13,221.33333333333334
MWI524,MWI524_4,Bangwe Health Centre,-15.8239623,35.0804385,2015-08-14,251.25
MWI524,MWI524_4,Bangwe Health Centre,-15.8239623,35.0804385,2015-08-15,201.5
MWI524,MWI524_4,Bangwe Health Centre,-15.8239623,35.0804385,2015-08-16,204.5
MWI524,MWI524_4,Bangwe Health Centre,-15.8239623,35.0804385,2015-08-17,259.1666666666667
MWI524,MWI524_4,Bangwe Health Centre,-15.8239623,35.0804385,2015-08-18,344.3333333333333
MWI524,MWI524_4,Bangwe Health Centre,-15.8239623,35.0804385,2015-08-19,384.4
MWI524,MWI524_4,Bangwe Health Centre,-15.8239623,35.0804385,2015-08-20,373.8
MWI524,MWI524_4,Bangwe Health Centre,-15.8239623,35.0804385,2015-08-21,338.0
MWI524,MWI524_4,Bangwe Health Centre,-15.8239623,35.0804385,2015-08-22,385.8333333333333
MWI524,MWI524_4,Bangwe Health Centre,-15.8239623,35.0804385,2015-08-23,407.75
MWI524,MWI524_4,Bangwe Health Centre,-15.8239623,35.0804385,2015-08-24,428.0
MWI524,MWI524_4,Bangwe Health Centre,-15.8239623,35.0804385,2015-08-25,401.0
MWI524,MWI524_4,Bangwe Health Centre,-15.8239623,35.0804385,2015-08-26,390.3333333333333
MWI524,MWI524_4,Bangwe Health Centre,-15.8239623,35.0804385,2015-08-27,478.0
MWI524,MWI524_4,Bangwe Health Centre,-15.8239623,35.0804385,2015-08-28,511.0
MWI524,MWI524_4,Bangwe Health Centre,-15.8239623,35.0804385,2015-08-29,553.6666666666666
MWI524,MWI524_4,Bangwe Health Centre,-15.8239623,35.0804385,2015-08-30,517.6666666666666
MWI524,MWI524_4,Bangwe Health Centre,-15.8239623,35.0804385,2015-08-31,445.3333333333333
MWI524,MWI524_4,Bangwe Health Centre,-15.8239623,35.0804385,2015-09-01,418.25
MWI524,MWI524_4,Bangwe Health Centre,-15.8239623,35.0804385,2015-09-02,392.6
MWI524,MWI524_4,Bangwe Health Centre,-15.8239623,35.0804385,2015-09-03,408.25
MWI524,MWI524_4,Bangwe Health Centre,-15.8239623,35.0804385,2015-09-04,399.5
MWI524,MWI524_4,Bangwe Health Centre,-15.8239623,35.0804385,2015-09-05,
MWI524,MWI524_4,Bangwe Health Centre,-15.8239623,35.0804385,2015-09-06,537.0
MWI524,MWI524_4,Bangwe Health Centre,-15.8239623,35.0804385,2015-09-07,461.0
MWI524,MWI524_4,Bangwe Health Centre,-15.8239623,35.0804385,2015-09-08,560.75
MWI524,MWI524_4,Bangwe Health Centre,-15.8239623,35.0804385,2015-09-09,542.2
MWI524,MWI524_4,Bangwe Health Centre,-15.8239623,35.0804385,2015-09-10,631.8
MWI524,MWI524_4,Bangwe Health Centre,-15.8239623,35.0804385,2015-09-11,612.6666666666666
MWI524,MWI524_4,Bangwe Health Centre,-15.8239623,35.0804385,2015-09-12,833.0
MWI524,MWI524_4,Bangwe Health Centre,-15.8239623,35.0804385,2015-09-13,
MWI524,MWI524_4,Bangwe Health Centre,-15.8239623,35.0804385,2015-09-14,
MWI524,MWI524_4,Bangwe Health Centre,-15.8239623,35.0804385,2015-09-15,173.0
MWI524,MWI524_4,Bangwe Health Centre,-15.8239623,35.0804385,2015-09-16,333.5
MWI524,MWI524_4,Bangwe Health Centre,-15.8239623,35.0804385,2015-09-17,383.6
MWI524,MWI524_4,Bangwe Health Centre,-15.8239623,35.0804385,2015-09-18,543.5
MWI524,MWI524_4,Bangwe Health Centre,-15.8239623,35.0804385,2015-09-19,593.0
MWI524,MWI524_4,Bangwe Health Centre,-15.8239623,35.0804385,2015-09-20,602.0
MWI524,MWI524_4,Bangwe Health Centre,-15.8239623,35.0804385,2015-09-21,
MWI524,MWI524_4,Bangwe Health Centre,-15.8239623,35.0804385,2015-09-22,747.0
MWI524,MWI524_4,Bangwe Health Centre,-15.8239623,35.0804385,2015-09-23,615.6666666666666
MWI524,MWI524_4,Bangwe Health Centre,-15.8239623,35.0804385,2015-09-24,615.6666666666666
MWI524,MWI524_4,Bangwe Health Centre,-15.8239623,35.0804385,2015-09-25,550.0
MWI524,MWI524_4,Bangwe Health Centre,-15.8239623,35.0804385,2015-09-26,
MWI524,MWI524_4,Bangwe Health Centre,-15.8239623,35.0804385,2015-09-27,248.0
MWI524,MWI524_4,Bangwe Health Centre,-15.8239623,35.0804385,2015-09-28,456.6666666666667
MWI524,MWI524_4,Bangwe Health Centre,-15.8239623,35.0804385,2015-09-29,643.0
MWI524,MWI524_4,Bangwe Health Centre,-15.8239623,35.0804385,2015-09-30,774.6666666666666
MWI524,MWI524_4,Bangwe Health Centre,-15.8239623,35.0804385,2015-10-01,736.6666666666666
MWI524,MWI524_4,Bangwe Health Centre,-15.8239623,35.0804385,2015-10-02,551.25
MWI524,MWI524_4,Bangwe Health Centre,-15.8239623,35.0804385,2015-10-03,551.25
MWI524,MWI524_4,Bangwe Health Centre,-15.8239623,35.0804385,2015-10-04,598.5
MWI524,MWI524_4,Bangwe Health Centre,-15.8239623,35.0804385,2015-10-05,
MWI524,MWI524_4,Bangwe Health Centre,-15.8239623,35.0804385,2015-10-06,786.0
MWI524,MWI524_4,Bangwe Health Centre,-15.8239623,35.0804385,2015-10-07,586.3333333333334
MWI524,MWI524_4,Bangwe Health Centre,-15.8239623,35.0804385,2015-10-08,642.2
MWI524,MWI524_4,Bangwe Health Centre,-15.8239623,35.0804385,2015-10-09,641.8
MWI524,MWI524_4,Bangwe Health Centre,-15.8239623,35.0804385,2015-10-10,722.75
MWI524,MWI524_4,Bangwe Health Centre,-15.8239623,35.0804385,2015-10-11,637.0
MWI524,MWI524_4,Bangwe Health Centre,-15.8239623,35.0804385,2015-10-12,563.5
MWI524,MWI524_4,Bangwe Health Centre,-15.8239623,35.0804385,2015-10-13,386.0
MWI524,MWI524_4,Bangwe Health Centre,-15.8239623,35.0804385,2015-10-14,497.3333333333333
MWI524,MWI524_4,Bangwe Health Centre,-15.8239623,35.0804385,2015-10-15,505.25
MWI524,MWI524_4,Bangwe Health Centre,-15.8239623,35.0804385,2015-10-16,573.6666666666666
MWI524,MWI524_4,Bangwe Health Centre,-15.8239623,35.0804385,2015-10-17,529.0
MWI524,MWI524_4,Bangwe Health Centre,-15.8239623,35.0804385,2015-10-18,207.0
MWI524,MWI524_4,Bangwe Health Centre,-15.8239623,35.0804385,2015-10-19,191.0
MWI524,MWI524_4,Bangwe Health Centre,-15.8239623,35.0804385,2015-10-20,191.0
MWI524,MWI524_4,Bangwe Health Centre,-15.8239623,35.0804385,2015-10-21,175.0
MWI524,MWI524_4,Bangwe Health Centre,-15.8239623,35.0804385,2015-10-22,
MWI524,MWI524_4,Bangwe Health Centre,-15.8239623,35.0804385,2015-10-23,435.0
MWI524,MWI524_4,Bangwe Health Centre,-15.8239623,35.0804385,2015-10-24,312.3333333333333
MWI524,MWI524_4,Bangwe Health Centre,-15.8239623,35.0804385,2015-10-25,312.3333333333333
MWI524,MWI524_4,Bangwe Health Centre,-15.8239623,35.0804385,2015-10-26,251.0
MWI524,MWI524_4,Bangwe Health Centre,-15.8239623,35.0804385,2015-10-27,141.0
MWI524,MWI524_4,Bangwe Health Centre,-15.8239623,35.0804385,2015-10-28,141.0
MWI524,MWI524_4,Bangwe Health Centre,-15.8239623,35.0804385,2015-10-29,141.0
MWI524,MWI524_4,Bangwe Health Centre,-15.8239623,35.0804385,2015-10-30,
MWI524,MWI524_4,Bangwe Health Centre,-15.8239623,35.0804385,2015-10-31,332.0
MWI524,MWI524_4,Bangwe Health Centre,-15.8239623,35.0804385,2015-11-01,360.5
MWI524,MWI524_4,Bangwe Health Centre,-15.8239623,35.0804385,2015-11-02,360.5
MWI524,MWI524_4,Bangwe Health Centre,-15.8239623,35.0804385,2015-11-03,389.0
MWI524,MWI524_4,Bangwe Health Centre,-15.8239623,35.0804385,2015-11-04,
MWI524,MWI524_4,Bangwe Health Centre,-15.8239623,35.0804385,2015-11-05,
MWI524,MWI524_4,Bangwe Health Centre,-15.8239623,35.0804385,2015-11-06,26.0
MWI524,MWI524_4,Bangwe Health Centre,-15.8239623,35.0804385,2015-11-07,26.0
MWI524,MWI524_4,Bangwe Health Centre,-15.8239623,35.0804385,2015-11-08,93.33333333333333
MWI524,MWI524_4,Bangwe Health Centre,-15.8239623,35.0804385,2015-11-09,228.0
MWI524,MWI524_4,Bangwe Health Centre,-15.8239623,35.0804385,2015-11-10,302.0
MWI524,MWI524_4,Bangwe Health Centre,-15.8239623,35.0804385,2015-11-11,289.0
MWI524,MWI524_4,Bangwe Health Centre,-15.8239623,35.0804385,2015-11-12,275.0
MWI524,MWI524_4,Bangwe Health Centre,-15.8239623,35.0804385,2015-11-13,224.5
MWI524,MWI524_4,Bangwe Health Centre,-15.8239623,35.0804385,2015-11-14,281.5
MWI524,MWI524_4,Bangwe Health Centre,-15.8239623,35.0804385,2015-11-15,316.0
MWI524,MWI524_4,Bangwe Health Centre,-15.8239623,35.0804385,2015-11-16,316.0
MWI524,MWI524_4,Bangwe Health Centre,-15.8239623,35.0804385,2015-11-17,340.0
MWI524,MWI524_4,Bangwe Health Centre,-15.8239623,35.0804385,2015-11-18,340.0
MWI524,MWI524_4,Bangwe Health Centre,-15.8239623,35.0804385,2015-11-19,340.0
MWI524,MWI524_4,Bangwe Health Centre,-15.8239623,35.0804385,2015-11-20,183.0
MWI524,MWI524_4,Bangwe Health Centre,-15.8239623,35.0804385,2015-11-21,256.3333333333333
MWI524,MWI524_4,Bangwe Health Centre,-15.8239623,35.0804385,2015-11-22,256.3333333333333
MWI524,MWI524_4,Bangwe Health Centre,-15.8239623,35.0804385,2015-11-23,324.5
MWI524,MWI524_4,Bangwe Health Centre,-15.8239623,35.0804385,2015-11-24,96.33333333333333
MWI524,MWI524_4,Bangwe Health Centre,-15.8239623,35.0804385,2015-11-25,117.8
MWI524,MWI524_4,Bangwe Health Centre,-15.8239623,35.0804385,2015-11-26,135.8
MWI524,MWI524_4,Bangwe Health Centre,-15.8239623,35.0804385,2015-11-27,212.0
MWI524,MWI524_4,Bangwe Health Centre,-15.8239623,35.0804385,2015-11-28,336.0
MWI524,MWI524_4,Bangwe Health Centre,-15.8239623,35.0804385,2015-11-29,
MWI524,MWI524_4,Bangwe Health Centre,-15.8239623,35.0804385,2015-11-30,401.0
MWI524,MWI524_4,Bangwe Health Centre,-15.8239623,35.0804385,2015-12-01,412.0
MWI524,MWI524_4,Bangwe Health Centre,-15.8239623,35.0804385,2015-12-02,396.3333333333333
MWI524,MWI524_4,Bangwe Health Centre,-15.8239623,35.0804385,2015-12-03,394.0
MWI524,MWI524_4,Bangwe Health Centre,-15.8239623,35.0804385,2015-12-04,365.0
MWI524,MWI524_4,Bangwe Health Centre,-15.8239623,35.0804385,2015-12-05,
MWI524,MWI524_4,Bangwe Health Centre,-15.8239623,35.0804385,2015-12-06,
MWI524,MWI524_4,Bangwe Health Centre,-15.8239623,35.0804385,2015-12-07,
MWI524,MWI524_4,Bangwe Health Centre,-15.8239623,35.0804385,2015-12-08,
MWI524,MWI524_4,Bangwe Health Centre,-15.8239623,35.0804385,2015-12-09,
MWI524,MWI524_4,Bangwe Health Centre,-15.8239623,35.0804385,2015-12-10,
MWI524,MWI524_4,Bangwe Health Centre,-15.8239623,35.0804385,2015-12-11,
MWI524,MWI524_4,Bangwe Health Centre,-15.8239623,35.0804385,2015-12-12,402.0
MWI524,MWI524_4,Bangwe Health Centre,-15.8239623,35.0804385,2015-12-13,401.5
MWI524,MWI524_4,Bangwe Health Centre,-15.8239623,35.0804385,2015-12-14,401.5
MWI524,MWI524_4,Bangwe Health Centre,-15.8239623,35.0804385,2015-12-15,401.0
MWI524,MWI524_4,Bangwe Health Centre,-15.8239623,35.0804385,2015-12-16,
MWI524,MWI524_4,Bangwe Health Centre,-15.8239623,35.0804385,2015-12-17,
MWI524,MWI524_4,Bangwe Health Centre,-15.8239623,35.0804385,2015-12-18,
MWI524,MWI524_4,Bangwe Health Centre,-15.8239623,35.0804385,2015-12-19,
MWI524,MWI524_4,Bangwe Health Centre,-15.8239623,35.0804385,2015-12-20,
MWI524,MWI524_4,Bangwe Health Centre,-15.8239623,35.0804385,2015-12-21,236.0
MWI524,MWI524_4,Bangwe Health Centre,-15.8239623,35.0804385,2015-12-22,236.0
MWI524,MWI524_4,Bangwe Health Centre,-15.8239623,35.0804385,2015-12-23,236.0
MWI524,MWI524_4,Bangwe Health Centre,-15.8239623,35.0804385,2015-12-24,
MWI524,MWI524_4,Bangwe Health Centre,-15.8239623,35.0804385,2015-12-25,
MWI524,MWI524_4,Bangwe Health Centre,-15.8239623,35.0804385,2015-12-26,377.0
MWI524,MWI524_4,Bangwe Health Centre,-15.8239623,35.0804385,2015-12-27,377.0
MWI524,MWI524_4,Bangwe Health Centre,-15.8239623,35.0804385,2015-12-28,398.5
MWI524,MWI524_4,Bangwe Health Centre,-15.8239623,35.0804385,2015-12-29,420.0
MWI524,MWI524_4,Bangwe Health Centre,-15.8239623,35.0804385,2015-12-30,420.0
MWI524,MWI524_4,Bangwe Health Centre,-15.8239623,35.0804385,2015-12-31,
MWI524,MWI524_4,Bangwe Health Centre,-15.8239623,35.0804385,2016-01-01,
MWI524,MWI524_4,Bangwe Health Centre,-15.8239623,35.0804385,2016-01-02,
MWI524,MWI524_4,Bangwe Health Centre,-15.8239623,35.0804385,2016-01-03,
MWI524,MWI524_4,Bangwe Health Centre,-15.8239623,35.0804385,2016-01-04,
MWI524,MWI524_4,Bangwe Health Centre,-15.8239623,35.0804385,2016-01-05,
MWI524,MWI524_4,Bangwe Health Centre,-15.8239623,35.0804385,2016-01-06,
MWI524,MWI524_4,Bangwe Health Centre,-15.8239623,35.0804385,2016-01-07,
MWI524,MWI524_4,Bangwe Health Centre,-15.8239623,35.0804385,2016-01-08,
MWI524,MWI524_4,Bangwe Health Centre,-15.8239623,35.0804385,2016-01-09,
MWI524,MWI524_4,Bangwe Health Centre,-15.8239623,35.0804385,2016-01-10,
MWI524,MWI524_4,Bangwe Health Centre,-15.8239623,35.0804385,2016-01-11,
MWI524,MWI524_4,Bangwe Health Centre,-15.8239623,35.0804385,2016-01-12,
MWI524,MWI524_4,Bangwe Health Centre,-15.8239623,35.0804385,2016-01-13,
MWI524,MWI524_4,Bangwe Health Centre,-15.8239623,35.0804385,2016-01-14,
MWI524,MWI524_4,Bangwe Health Centre,-15.8239623,35.0804385,2016-01-15,
MWI524,MWI524_4,Bangwe Health Centre,-15.8239623,35.0804385,2016-01-16,
MWI524,MWI524_4,Bangwe Health Centre,-15.8239623,35.0804385,2016-01-17,
MWI524,MWI524_4,Bangwe Health Centre,-15.8239623,35.0804385,2016-01-18,
MWI524,MWI524_4,Bangwe Health Centre,-15.8239623,35.0804385,2016-01-19,
MWI524,MWI524_4,Bangwe Health Centre,-15.8239623,35.0804385,2016-01-20,
MWI524,MWI524_4,Bangwe Health Centre,-15.8239623,35.0804385,2016-01-21,
MWI524,MWI524_4,Bangwe Health Centre,-15.8239623,35.0804385,2016-01-22,
MWI524,MWI524_4,Bangwe Health Centre,-15.8239623,35.0804385,2016-01-23,486.0
MWI524,MWI524_4,Bangwe Health Centre,-15.8239623,35.0804385,2016-01-24,486.0
MWI524,MWI524_4,Bangwe Health Centre,-15.8239623,35.0804385,2016-01-25,486.0
MWI524,MWI524_4,Bangwe Health Centre,-15.8239623,35.0804385,2016-01-26,
MWI524,MWI524_4,Bangwe Health Centre,-15.8239623,35.0804385,2016-01-27,
MWI524,MWI524_4,Bangwe Health Centre,-15.8239623,35.0804385,2016-01-28,
MWI524,MWI524_4,Bangwe Health Centre,-15.8239623,35.0804385,2016-01-29,
MWI524,MWI524_4,Bangwe Health Centre,-15.8239623,35.0804385,2016-01-30,
MWI524,MWI524_4,Bangwe Health Centre,-15.8239623,35.0804385,2016-01-31,
MWI524,MWI524_4,Bangwe Health Centre,-15.8239623,35.0804385,2016-02-01,
MWI524,MWI524_4,Bangwe Health Centre,-15.8239623,35.0804385,2016-02-02,
MWI524,MWI524_4,Bangwe Health Centre,-15.8239623,35.0804385,2016-02-03,
MWI524,MWI524_4,Bangwe Health Centre,-15.8239623,35.0804385,2016-02-04,
MWI524,MWI524_4,Bangwe Health Centre,-15.8239623,35.0804385,2016-02-05,
MWI524,MWI524_4,Bangwe Health Centre,-15.8239623,35.0804385,2016-02-06,431.0
MWI524,MWI524_4,Bangwe Health Centre,-15.8239623,35.0804385,2016-02-07,431.0
MWI524,MWI524_4,Bangwe Health Centre,-15.8239623,35.0804385,2016-02-08,431.0
MWI524,MWI524_4,Bangwe Health Centre,-15.8239623,35.0804385,2016-02-09,
MWI524,MWI524_4,Bangwe Health Centre,-15.8239623,35.0804385,2016-02-10,141.0
MWI524,MWI524_4,Bangwe Health Centre,-15.8239623,35.0804385,2016-02-11,141.0
MWI524,MWI524_4,Bangwe Health Centre,-15.8239623,35.0804385,2016-02-12,141.0
MWI524,MWI524_4,Bangwe Health Centre,-15.8239623,35.0804385,2016-02-13,
MWI524,MWI524_4,Bangwe Health Centre,-15.8239623,35.0804385,2016-02-14,
MWI524,MWI524_4,Bangwe Health Centre,-15.8239623,35.0804385,2016-02-15,
MWI524,MWI524_4,Bangwe Health Centre,-15.8239623,35.0804385,2016-02-16,
MWI524,MWI524_4,Bangwe Health Centre,-15.8239623,35.0804385,2016-02-17,
MWI524,MWI524_4,Bangwe Health Centre,-15.8239623,35.0804385,2016-02-18,
MWI524,MWI524_4,Bangwe Health Centre,-15.8239623,35.0804385,2016-02-19,
MWI524,MWI524_4,Bangwe Health Centre,-15.8239623,35.0804385,2016-02-20,
MWI524,MWI524_4,Bangwe Health Centre,-15.8239623,35.0804385,2016-02-21,
MWI524,MWI524_4,Bangwe Health Centre,-15.8239623,35.0804385,2016-02-22,
MWI524,MWI524_4,Bangwe Health Centre,-15.8239623,35.0804385,2016-02-23,
MWI524,MWI524_4,Bangwe Health Centre,-15.8239623,35.0804385,2016-02-24,
MWI524,MWI524_4,Bangwe Health Centre,-15.8239623,35.0804385,2016-02-25,
MWI524,MWI524_4,Bangwe Health Centre,-15.8239623,35.0804385,2016-02-26,
MWI524,MWI524_4,Bangwe Health Centre,-15.8239623,35.0804385,2016-02-27,
MWI524,MWI524_4,Bangwe Health Centre,-15.8239623,35.0804385,2016-02-28,
MWI524,MWI524_4,Bangwe Health Centre,-15.8239623,35.0804385,2016-02-29,
MWI524,MWI524_4,Bangwe Health Centre,-15.8239623,35.0804385,2016-03-01,
MWI524,MWI524_4,Bangwe Health Centre,-15.8239623,35.0804385,2016-03-02,
MWI524,MWI524_4,Bangwe Health Centre,-15.8239623,35.0804385,2016-03-03,
MWI524,MWI524_4,Bangwe Health Centre,-15.8239623,35.0804385,2016-03-04,
MWI524,MWI524_4,Bangwe Health Centre,-15.8239623,35.0804385,2016-03-05,
MWI524,MWI524_4,Bangwe Health Centre,-15.8239623,35.0804385,2016-03-06,
MWI524,MWI524_4,Bangwe Health Centre,-15.8239623,35.0804385,2016-03-07,302.0
MWI524,MWI524_4,Bangwe Health Centre,-15.8239623,35.0804385,2016-03-08,302.0
MWI524,MWI524_4,Bangwe Health Centre,-15.8239623,35.0804385,2016-03-09,319.5
MWI524,MWI524_4,Bangwe Health Centre,-15.8239623,35.0804385,2016-03-10,337.0
MWI524,MWI524_4,Bangwe Health Centre,-15.8239623,35.0804385,2016-03-11,337.0
MWI524,MWI524_4,Bangwe Health Centre,-15.8239623,35.0804385,2016-03-12,
MWI524,MWI524_4,Bangwe Health Centre,-15.8239623,35.0804385,2016-03-13,
MWI524,MWI524_4,Bangwe Health Centre,-15.8239623,35.0804385,2016-03-14,478.0
MWI524,MWI524_4,Bangwe Health Centre,-15.8239623,35.0804385,2016-03-15,478.0
MWI524,MWI524_4,Bangwe Health Centre,-15.8239623,35.0804385,2016-03-16,478.0
MWI524,MWI524_4,Bangwe Health Centre,-15.8239623,35.0804385,2016-03-17,
MWI524,MWI524_4,Bangwe Health Centre,-15.8239623,35.0804385,2016-03-18,
MWI524,MWI524_4,Bangwe Health Centre,-15.8239623,35.0804385,2016-03-19,
MWI524,MWI524_4,Bangwe Health Centre,-15.8239623,35.0804385,2016-03-20,
MWI524,MWI524_4,Bangwe Health Centre,-15.8239623,35.0804385,2016-03-21,
MWI524,MWI524_4,Bangwe Health Centre,-15.8239623,35.0804385,2016-03-22,
MWI524,MWI524_4,Bangwe Health Centre,-15.8239623,35.0804385,2016-03-23,
MWI524,MWI524_4,Bangwe Health Centre,-15.8239623,35.0804385,2016-03-24,
MWI524,MWI524_4,Bangwe Health Centre,-15.8239623,35.0804385,2016-03-25,
MWI524,MWI524_4,Bangwe Health Centre,-15.8239623,35.0804385,2016-03-26,
MWI524,MWI524_4,Bangwe Health Centre,-15.8239623,35.0804385,2016-03-27,
MWI524,MWI524_4,Bangwe Health Centre,-15.8239623,35.0804385,2016-03-28,315.0
MWI524,MWI524_4,Bangwe Health Centre,-15.8239623,35.0804385,2016-03-29,246.33333333333334
MWI524,MWI524_4,Bangwe Health Centre,-15.8239623,35.0804385,2016-03-30,246.33333333333334
MWI524,MWI524_4,Bangwe Health Centre,-15.8239623,35.0804385,2016-03-31,212.0
MWI524,MWI524_4,Bangwe Health Centre,-15.8239623,35.0804385,2016-04-01,
MWI524,MWI524_4,Bangwe Health Centre,-15.8239623,35.0804385,2016-04-02,
MWI524,MWI524_4,Bangwe Health Centre,-15.8239623,35.0804385,2016-04-03,
MWI524,MWI524_4,Bangwe Health Centre,-15.8239623,35.0804385,2016-04-04,
MWI524,MWI524_4,Bangwe Health Centre,-15.8239623,35.0804385,2016-04-05,
MWI524,MWI524_4,Bangwe Health Centre,-15.8239623,35.0804385,2016-04-06,
MWI524,MWI524_4,Bangwe Health Centre,-15.8239623,35.0804385,2016-04-07,
MWI524,MWI524_4,Bangwe Health Centre,-15.8239623,35.0804385,2016-04-08,
MWI524,MWI524_4,Bangwe Health Centre,-15.8239623,35.0804385,2016-04-09,
MWI524,MWI524_4,Bangwe Health Centre,-15.8239623,35.0804385,2016-04-10,
MWI524,MWI524_4,Bangwe Health Centre,-15.8239623,35.0804385,2016-04-11,
MWI524,MWI524_4,Bangwe Health Centre,-15.8239623,35.0804385,2016-04-12,
MWI524,MWI524_4,Bangwe Health Centre,-15.8239623,35.0804385,2016-04-13,274.0
MWI524,MWI524_4,Bangwe Health Centre,-15.8239623,35.0804385,2016-04-14,274.0
MWI524,MWI524_4,Bangwe Health Centre,-15.8239623,35.0804385,2016-04-15,274.0
MWI524,MWI524_4,Bangwe Health Centre,-15.8239623,35.0804385,2016-04-16,
MWI524,MWI524_4,Bangwe Health Centre,-15.8239623,35.0804385,2016-04-17,
MWI524,MWI524_4,Bangwe Health Centre,-15.8239623,35.0804385,2016-04-18,285.0
MWI524,MWI524_4,Bangwe Health Centre,-15.8239623,35.0804385,2016-04-19,208.0
MWI524,MWI524_4,Bangwe Health Centre,-15.8239623,35.0804385,2016-04-20,202.0
MWI524,MWI524_4,Bangwe Health Centre,-15.8239623,35.0804385,2016-04-21,178.6
MWI524,MWI524_4,Bangwe Health Centre,-15.8239623,35.0804385,2016-04-22,192.2
MWI524,MWI524_4,Bangwe Health Centre,-15.8239623,35.0804385,2016-04-23,190.0
MWI524,MWI524_4,Bangwe Health Centre,-15.8239623,35.0804385,2016-04-24,196.0
MWI524,MWI524_4,Bangwe Health Centre,-15.8239623,35.0804385,2016-04-25,193.66666666666666
MWI524,MWI524_4,Bangwe Health Centre,-15.8239623,35.0804385,2016-04-26,281.25
MWI524,MWI524_4,Bangwe Health Centre,-15.8239623,35.0804385,2016-04-27,311.0
MWI524,MWI524_4,Bangwe Health Centre,-15.8239623,35.0804385,2016-04-28,364.5
MWI524,MWI524_4,Bangwe Health Centre,-15.8239623,35.0804385,2016-04-29,
MWI524,MWI524_4,Bangwe Health Centre,-15.8239623,35.0804385,2016-04-30,
MWI524,MWI524_4,Bangwe Health Centre,-15.8239623,35.0804385,2016-05-01,
MWI524,MWI524_4,Bangwe Health Centre,-15.8239623,35.0804385,2016-05-02,
MWI524,MWI524_4,Bangwe Health Centre,-15.8239623,35.0804385,2016-05-03,
MWI524,MWI524_4,Bangwe Health Centre,-15.8239623,35.0804385,2016-05-04,
MWI524,MWI524_4,Bangwe Health Centre,-15.8239623,35.0804385,2016-05-05,
MWI524,MWI524_4,Bangwe Health Centre,-15.8239623,35.0804385,2016-05-06,
MWI524,MWI524_4,Bangwe Health Centre,-15.8239623,35.0804385,2016-05-07,
MWI524,MWI524_4,Bangwe Health Centre,-15.8239623,35.0804385,2016-05-08,
MWI524,MWI524_4,Bangwe Health Centre,-15.8239623,35.0804385,2016-05-09,
MWI524,MWI524_4,Bangwe Health Centre,-15.8239623,35.0804385,2016-05-10,230.0
MWI524,MWI524_4,Bangwe Health Centre,-15.8239623,35.0804385,2016-05-11,230.0
MWI524,MWI524_4,Bangwe Health Centre,-15.8239623,35.0804385,2016-05-12,164.5
MWI524,MWI524_4,Bangwe Health Centre,-15.8239623,35.0804385,2016-05-13,181.0
MWI524,MWI524_4,Bangwe Health Centre,-15.8239623,35.0804385,2016-05-14,166.8
MWI524,MWI524_4,Bangwe Health Centre,-15.8239623,35.0804385,2016-05-15,201.2
MWI524,MWI524_4,Bangwe Health Centre,-15.8239623,35.0804385,2016-05-16,188.25
MWI524,MWI524_4,Bangwe Health Centre,-15.8239623,35.0804385,2016-05-17,231.0
MWI524,MWI524_4,Bangwe Health Centre,-15.8239623,35.0804385,2016-05-18,191.0
MWI524,MWI524_4,Bangwe Health Centre,-15.8239623,35.0804385,2016-05-19,
MWI524,MWI524_4,Bangwe Health Centre,-15.8239623,35.0804385,2016-05-20,
MWI524,MWI524_4,Bangwe Health Centre,-15.8239623,35.0804385,2016-05-21,
MWI524,MWI524_4,Bangwe Health Centre,-15.8239623,35.0804385,2016-05-22,
MWI524,MWI524_4,Bangwe Health Centre,-15.8239623,35.0804385,2016-05-23,
MWI524,MWI524_4,Bangwe Health Centre,-15.8239623,35.0804385,2016-05-24,
MWI524,MWI524_4,Bangwe Health Centre,-15.8239623,35.0804385,2016-05-25,219.0
MWI524,MWI524_4,Bangwe Health Centre,-15.8239623,35.0804385,2016-05-26,220.5
MWI524,MWI524_4,Bangwe Health Centre,-15.8239623,35.0804385,2016-05-27,220.5
MWI524,MWI524_4,Bangwe Health Centre,-15.8239623,35.0804385,2016-05-28,152.5
